component_id,entity_id,standard_name,size,total_frequency,avg_similarity,min_similarity,max_similarity,is_valid,issues,reference_match,num_issues
0,financial_0,BANK OF NEW YORK MELLON TRUST CO NA,60,671216,92.497187276287,88.13559322033898,100.0,False,Grupo muy grande: 60 nombres,BANK OF NEW YORK,1
1,financial_1,BANK OF NEW ENGLAND NA,9,78,95.51691729323308,89.47368421052632,100.0,True,,,0
2,financial_2,NEW ENTERPRISE ASSOCIATES 10 LTD PARTNERSHIP,6,13,94.24735538257433,90.0,97.72727272727272,True,,,0
3,financial_3,CREDIT SUISSE AG CAYMAN ISLANDS BRANCH,24,177130,97.38301588167897,91.0958904109589,100.0,False,Grupo muy grande: 24 nombres,CREDIT SUISSE,1
4,financial_4,CREDIT AGRICOLE CORPORATE & INVESTMENT BANK,2,614,100.0,100.0,100.0,True,,,0
5,financial_5,CREDIT SUISSE AG AS FIRST LIENADMINISTRATIVE AGENT,2,39,96.90721649484536,96.90721649484536,96.90721649484536,True,,CREDIT SUISSE,0
6,financial_6,CREDIT SUISSE FIRST BOSTON TORONTO BRANON,2,45,95.1219512195122,95.1219512195122,95.1219512195122,True,,CREDIT SUISSE,0
7,financial_7,CREDIT SUISSE FIRST BOSTONAS COLLATERAL AGENT,2,34,96.62921348314607,96.62921348314607,96.62921348314607,True,,CREDIT SUISSE,0
8,financial_8,CREDIT SUISSE AG NEW YORK BRANCH,2,33,100.0,100.0,100.0,True,,CREDIT SUISSE,0
9,financial_9,CREDIT LYONNAIS NEW YORK BRANCH,4,27,95.0,90.0,100.0,True,,,0
10,financial_10,CREDIT SUISSE,9,13888,100.0,100.0,100.0,True,,CREDIT SUISSE,0
11,financial_11,CREDIT SUISSE AG,13,5995,95.703125,90.0,100.0,True,,CREDIT SUISSE,0
12,financial_12,CREDIT SUISSE FIRST BOSTON,8,6536,99.50980392156862,98.0392156862745,100.0,True,,CREDIT SUISSE,0
13,financial_13,CREDIT SUISSE INTERNATIONAL,2,49,100.0,100.0,100.0,True,,CREDIT SUISSE,0
14,financial_14,CREDIT AGRICOLE INDOSUEZ,3,53,97.22222222222223,95.83333333333334,100.0,True,,,0
15,financial_15,CREDIT SUISSE AG CAYMAN ISLANDS BRANCH & COLLATERAL AGENT,11,338,92.22489268246291,88.0,100.0,True,,CREDIT SUISSE,0
16,financial_16,CREDIT SUISSE FIRST BOSTON ACTING THROUGH ITS CAYMAN ISLANDS BRANCH,3,86,100.0,100.0,100.0,True,,CREDIT SUISSE,0
17,financial_17,CREDIT SUISSE FIRST BOSTONAS FIRST LIENADMINISTRATIVE AGENT & FIRST LIEN COLLATERAL AGENT,4,48,93.33597918158262,88.39779005524862,99.4535519125683,True,,CREDIT SUISSE,0
18,financial_18,CREDIT SUISSE AG CAYMAN ISLANDS BRANCH FOR THE FIRST-LIEN SECURED PARTIES,2,12,93.87755102040816,93.87755102040816,93.87755102040816,True,,CREDIT SUISSE,0
19,financial_19,BANK OF AMERICA NA,47,460549,97.95474814217555,90.0,100.0,False,Grupo muy grande: 47 nombres,BANK OF AMERICA,1
20,financial_20,BANK OF AMERICA ILLINOIS,2,108,100.0,100.0,100.0,True,,BANK OF AMERICA,0
21,financial_21,BANK AMERICA VENTURES,2,37,95.0,95.0,95.0,True,,BANK OF AMERICA,0
22,financial_22,BANK OF AMERICA NT & SA,2,12,100.0,100.0,100.0,True,,BANK OF AMERICA,0
23,financial_23,BANK OF AMERICA NATIONAL TRUST & SAVINGS ASSOCIATION,18,5409,95.39439344714532,88.0,100.0,True,,BANK OF AMERICA,0
24,financial_24,BANK OF AMERICA NA IN ITS CAPACITY FOR ITSELF THE LENDERS & THE L C ISSUER AS EACH IS DEFINED IN THE ATTACHED SECURITY AGREEMENT,4,28,99.02521076523995,98.0544747081712,100.0,True,,,0
25,financial_25,BANK OF AMERICA NA AS SUCCESSOR BY MERGER TO FLEET NATIONAL BANK,3,25,98.39999999999999,97.6,100.0,True,,BANK OF AMERICA,0
26,financial_26,BANK OF AMERICA NA AS THE SUCCESSOR COLLATERAL AGENT,2,36,91.2,91.2,91.2,True,,BANK OF AMERICA,0
27,financial_27,BANK OF AMERICA NA A COLLATERAL AGENT,4,645,95.24399399399398,92.36111111111111,97.2972972972973,True,,BANK OF AMERICA,0
28,financial_28,BANK OF AMERICA NA A NATIONAL BANKING INSTITUTION,6,246,96.59863945578232,89.79591836734694,100.0,True,,BANK OF AMERICA,0
29,financial_29,BANK OF AMERICA NA AS ADMIN AGENT,7,217,94.68484158625755,88.0,98.79518072289156,True,,BANK OF AMERICA,0
30,financial_30,BANK OF AMERICA NA FOR THE LENDERS,2,14,89.0625,89.0625,89.0625,False,Similitud promedio baja: 89.1%,BANK OF AMERICA,1
31,financial_31,BANK OF AMERICA NA AS SENIOR CREDITOR AGENT,2,7,96.3855421686747,96.3855421686747,96.3855421686747,True,,BANK OF AMERICA,0
32,financial_32,BANK OF AMERICA,4,1340,100.0,100.0,100.0,True,,BANK OF AMERICA,0
33,financial_33,JPMORGAN CHASE BANK NA,82,423829,93.30734491671605,88.0,100.0,False,Grupo muy grande: 82 nombres,JPMORGAN,1
34,financial_34,BARCLAYS BANK PLC,17,99035,94.9622531939605,88.21428571428571,100.0,True,,,0
35,financial_35,BARCLAYS BUSINESS CREDIT INC,10,216,94.33255303161667,90.0,100.0,True,,,0
36,financial_36,DEUTSCHE BANK TRUST CO AMERICAS,66,140517,92.93133823462041,88.04878048780488,100.0,False,Grupo muy grande: 66 nombres,DEUTSCHE BANK,1
37,financial_37,DEUTSCHE FINANCIAL SERVICES CORP,2,120,100.0,100.0,100.0,True,,,0
38,financial_38,WILMINGTON TRUST NA,55,152889,92.26911906559152,88.42105263157895,100.0,False,Grupo muy grande: 55 nombres,WILMINGTON TRUST,1
39,financial_39,WILMINGTON SAVINGS FUND SOCIETY FSB COLLATERAL AGENT,12,6125,95.13054891851108,88.21428571428571,100.0,True,,,0
40,financial_40,CITIBANK NA,29,149563,95.55610575913087,90.0,100.0,False,Grupo muy grande: 29 nombres,CITI,1
41,financial_41,CITIBANK NA FOR CITIBANK NA THE BANK OF NEW YORK BANK OF MONTREAL & FIRST WISCONSIN NATIONAL BANK OF MILWAUKEE,2,5,95.0,95.0,95.0,True,,BANK OF NEW YORK,0
42,financial_42,CITICORP USA INC,70,105662,93.84586200611518,88.0,100.0,False,Grupo muy grande: 70 nombres,CITI,1
43,financial_43,MORGAN STANLEY SENIOR FUNDING INC,16,97736,97.6891119848329,88.65671641791045,100.0,True,,,0
44,financial_44,MORGAN STANLEY & CO INC,9,25565,94.5900406198285,88.23529411764706,100.0,True,,,0
45,financial_45,MORGAN GUARANTY TRUST CO OF NEW YORK & MORGAN BANK DELAWARE S SEE RECORD FOR THE REMAINING ASSIGNEES,13,5119,92.53772593015766,90.0,100.0,True,,,0
46,financial_46,MORGAN STANLEY & CO INCORPORATEED,2,2,96.875,96.875,96.875,True,,,0
47,financial_47,WELLS FARGO BANK NA,45,119853,97.0573819302069,88.23529411764706,100.0,False,Grupo muy grande: 45 nombres,WELLS FARGO,1
48,financial_48,WELLS FARGO TRUST CO NA,3,3418,92.44444444444444,88.66666666666666,100.0,True,,WELLS FARGO,0
49,financial_49,WELLS FARGO FOOTHILL INC,10,6088,95.37037037037035,91.66666666666666,100.0,True,,WELLS FARGO,0
50,financial_50,WELLS FARGO RETAIL FINANCE LLC,2,55,100.0,100.0,100.0,True,,WELLS FARGO,0
51,financial_51,WELLS FARGO BANK NATIONAL ASSOCIATIONAS AGENT,2,12288,100.0,100.0,100.0,True,,WELLS FARGO,0
52,financial_52,WELLS FARGO CAPITAL FINANCE LLC,9,5071,94.7447781485601,88.44827586206895,100.0,True,,WELLS FARGO,0
53,financial_53,WELLS FARGO BUSINESS CREDIT INC,4,423,91.37931034482759,88.44827586206895,100.0,True,,WELLS FARGO,0
54,financial_54,WELLS FARGO BANK NA A NATIONAL BANKING ASSOCIATION,6,197,97.87234042553193,93.61702127659576,100.0,True,,WELLS FARGO,0
55,financial_55,WELLS FARGO BANK NA AS NOTEHOLDER COLLATERAL AGENT,4,102,90.80572289156626,89.1566265060241,92.5,True,,WELLS FARGO,0
56,financial_56,WELLS FARGO FOOTHILL INC A CALIFORNIA CORP,2,20,100.0,100.0,100.0,True,,WELLS FARGO,0
57,financial_57,WELLS FARGO CAPITAL FINANCE LLC F K A WELLS FARGO FOOTHILL LLC,6,48,92.85454957092901,89.1358024691358,100.0,True,,WELLS FARGO,0
58,financial_58,WELLS FARGO BANK NA SUCCESSOR BY MERGER TO WACHOVIA BANK NA,2,10,100.0,100.0,100.0,True,,WELLS FARGO,0
59,financial_59,WELLS FARGO NA,4,234,100.0,100.0,100.0,True,,WELLS FARGO,0
60,financial_60,US BANK NA,23,48600,96.92307692307692,90.0,100.0,False,Grupo muy grande: 23 nombres,US BANK,1
61,financial_61,US BANK TRUST CO NA,10,5180,96.85462217107786,90.0,100.0,True,,US BANK,0
62,financial_62,GOLDMAN SACHS BANK USA,11,44004,97.5,90.0,100.0,True,,,0
63,financial_63,GOLDMAN SACHS LENDING PARTNERS LLC,6,2006,100.0,100.0,100.0,True,,,0
64,financial_64,GOLDMAN SACHS CREDIT PARTNERS LP,13,2058,95.84573002754821,88.0,100.0,True,,,0
65,financial_65,GOLDMAN SACHS SPECIALTY LENDING GROUP LP,5,164,100.0,100.0,100.0,True,,,0
66,financial_66,GOLDMAN SACHS BDC INC,3,97,100.0,100.0,100.0,True,,,0
67,financial_67,GOLDMAN SACHS MIDDLE MARKET LENDING CORP,2,2,100.0,100.0,100.0,True,,,0
68,financial_68,US DEPARTMENT OF THE TREASURY,3,15620,100.0,100.0,100.0,True,,,0
69,financial_69,ROYAL BANK OF CANADA,13,22693,94.91243280735218,88.60759493670886,100.0,True,,,0
70,financial_70,ROYAL BANK OF SCOTLAND PLC,13,229,93.99345304900861,88.36363636363637,100.0,True,,,0
71,financial_71,PNC BANK NA,25,14594,92.66034953746816,88.47457627118645,100.0,False,Grupo muy grande: 25 nombres,PNC BANK,1
72,financial_72,SILICON VALLEY BANK,23,14596,92.21316554649887,90.0,100.0,False,Grupo muy grande: 23 nombres,SILICON VALLEY BANK,1
73,financial_73,SILICON GRAPHICS INC,4,732,100.0,100.0,100.0,True,,,0
74,financial_74,BANK OF AMERICAN NA,3,10354,93.33333333333333,90.0,100.0,True,,BANK OF AMERICA,0
75,financial_75,AMERICAN NATIONAL BANK & TRUST CO OF CHICAGO,10,92,92.14285714285714,90.0,100.0,True,,,0
76,financial_76,AMERICAN CAPITAL FINANCIAL SERVICES INC,7,108,98.57142857142857,95.0,100.0,True,,,0
77,financial_77,AMERICAN CYANAMID CO A CORP OF ME,2,35,90.0,90.0,90.0,True,,,0
78,financial_78,AMERICAN CAPTITAL STRATEGIES,2,31,91.52542372881356,91.52542372881356,91.52542372881356,True,,,0
79,financial_79,CORTLAND CAPITAL MARKET SERVICES LLC,10,12648,97.6486624882824,88.76712328767123,100.0,True,,,0
80,financial_80,BANK ONE NA,36,10043,94.47450805008944,88.37209302325581,100.0,False,Grupo muy grande: 36 nombres,,1
81,financial_81,HPS INVESTMENT PARTNERS LLC,5,9146,96.0,90.0,100.0,True,,,0
82,financial_82,GENERAL ELECTRIC CAPITAL CORP,43,18824,93.1478586691571,88.60759493670886,100.0,False,Grupo muy grande: 43 nombres,GENERAL ELECTRIC CAPITAL,1
83,financial_83,GENERAL CONFERENCE CORP OF SEVENTH-DAY ADVENTISTS,2,6,90.0,90.0,90.0,True,,,0
84,financial_84,JEFFERIES FINANCE LLC,17,13284,94.98454356192039,90.0,100.0,True,,,0
85,financial_85,ALTER DOMUS US LLC,5,8028,98.91891891891892,97.2972972972973,100.0,True,,,0
86,financial_86,MANUFACTURERS & TRADERS TRUST CO,9,5786,96.78921568627452,89.41176470588236,100.0,True,,,0
87,financial_87,MANUFACTURERS HANOVER TRUST CO,9,401,92.64736193597672,90.0,100.0,True,,,0
88,financial_88,MANUFACTURERS HANOVER LEASING CORP A CORP OF NY,2,11,95.0,95.0,95.0,True,,,0
89,financial_89,MANUFACTURERS NATIONAL BANK OF DETROIT,14,32,91.7264275172795,88.09523809523809,100.0,True,,,0
90,financial_90,BANK OF NOVA SCOTIA,14,8596,96.25,90.0,100.0,True,,,0
91,financial_91,BANKERS TRUST CO,16,7289,92.55488878334295,90.0,100.0,True,,,0
92,financial_92,TRUIST BANK,7,5789,97.14285714285714,90.0,100.0,True,,,0
93,financial_93,UBS AG STAMFORD BRANCH,20,6002,94.48923589816171,90.0,100.0,True,,,0
94,financial_94,GLAS AMERICAS LLC AS THE SUCCESSOR AGENT,4,5984,95.0,90.0,100.0,True,,,0
95,financial_95,GLAS TRUST CORP LTD,3,1008,93.33333333333333,90.0,100.0,True,,,0
96,financial_96,GLAS TRUST CO LLC,2,607,100.0,100.0,100.0,True,,,0
97,financial_97,CHASE MANHATTAN BANK,55,11029,93.62041360856878,88.0,100.0,False,Grupo muy grande: 55 nombres,,1
98,financial_98,CHASE COMMERCIAL CORP,2,98,100.0,100.0,100.0,True,,,0
99,financial_99,CHASE BANK OF TEXAS NA,3,111,100.0,100.0,100.0,True,,,0
100,financial_100,CHASE MANHATTAN INTERNATIONAL LTD AS SECURITY TRUSTEE,3,67,90.12820512820514,90.0,90.3846153846154,True,,,0
101,financial_101,CHASE CAPITAL CORP FOR THE LENDERS,5,13,96.0,90.0,100.0,True,,,0
102,financial_102,CAPITAL ONE NA,5,3529,96.0,90.0,100.0,True,,,0
103,financial_103,CAPITAL ROYALTY PARTNERS II LP,6,690,92.66509866220721,88.47457627118645,97.87234042553192,True,,,0
104,financial_104,CAPITAL ONE LEVERAGE FINANCE CORP,2,97,100.0,100.0,100.0,True,,,0
105,financial_105,CAPITAL SOURCE FINANCE LLC,2,52,100.0,100.0,100.0,True,,,0
106,financial_106,CAPITAL IP INVESTMENT PARTNERS LLC,2,6,100.0,100.0,100.0,True,,,0
107,financial_107,CAPITAL BANK NA,2,3,100.0,100.0,100.0,True,,,0
108,financial_108,ALLY BANK,7,3568,93.47368421052632,90.0,100.0,True,,,0
109,financial_109,ALLY COMMERCIAL FINANCE LLC,4,178,97.19310505474027,94.33962264150944,100.0,True,,,0
110,financial_110,CITIZENS BANK NA,20,4855,95.3896103896104,90.0,100.0,True,,CITI,0
111,financial_111,CITIZENS BUSINESS CAPITAL A DIVISION OF CITIZENS ASSET FINANCE INC,2,205,90.0,90.0,90.0,True,,CITI,0
112,financial_112,HSBC BANK USA NA,23,5678,93.92781095113396,90.0,100.0,False,Grupo muy grande: 23 nombres,,1
113,financial_113,HSBC CORPORATE TRUSTEE CO UK LTD AS SECURITY AGENT,2,44,90.0,90.0,90.0,True,,,0
114,financial_114,HSBC BUSINESS CREDIT USA INC,2,3,100.0,100.0,100.0,True,,,0
115,financial_115,LEHMAN COMMERCIAL PAPER INC,12,4333,97.80794854410692,95.0,100.0,True,,,0
116,financial_116,COMERICA BANK,21,3585,91.56556875097284,89.43089430894308,100.0,False,Grupo muy grande: 21 nombres,COMERICA,1
117,financial_117,FOOTHILL CAPITAL CORP,12,2628,92.76659498207889,89.18367346938776,100.0,True,,,0
118,financial_118,FOOTHILL CAPITAL CORPORTION,2,71,94.54545454545456,94.54545454545456,94.54545454545456,True,,,0
119,financial_119,WACHOVIA CAPITAL FINANCE CORP CENTRAL,9,2461,95.006435006435,89.1891891891892,100.0,True,,WACHOVIA,0
120,financial_120,WACHOVIA BANK NA,24,3451,93.02256451470906,88.88888888888889,100.0,False,Grupo muy grande: 24 nombres,WACHOVIA,1
121,financial_121,CERBERUS BUSINESS FINANCE LLC,10,2826,97.0,95.0,100.0,True,,,0
122,financial_122,MACQUARIE US TRADING LLC,2,1922,100.0,100.0,100.0,True,,,0
123,financial_123,MACQUARIE CAPITAL FUNDING LLC,3,1397,100.0,100.0,100.0,True,,,0
124,financial_124,SIXTH STREET SPECIALTY LENDING INC F K A TPG SPECIALTY LENDING INC,3,96,93.33333333333333,90.0,100.0,True,,,0
125,financial_125,MIDCAP FINANCIAL TRUST,10,4805,92.91666666666667,90.0,100.0,True,,,0
126,financial_126,MIDCAP FINANCIAL LLC,5,380,96.0,90.0,100.0,True,,,0
127,financial_127,MIDCAP FUNDING III LLC,6,167,95.82539682539682,90.47619047619048,100.0,True,,,0
128,financial_128,MIDCAP FINANCIAL SBIC LP,2,30,100.0,100.0,100.0,True,,,0
129,financial_129,MUFG UNION BANK NA,3,1972,100.0,100.0,100.0,True,,,0
130,financial_130,MUFG BANK LTD,3,11,100.0,100.0,100.0,True,,,0
131,financial_131,FIRST UNION NATIONAL BANK,28,4010,96.80320366039737,90.0,100.0,False,Grupo muy grande: 28 nombres,,1
132,financial_132,FIRST UNION COMMERCIAL CORP,3,124,100.0,100.0,100.0,True,,,0
133,financial_133,FIRST PENNSYLVANIA BANK NA,2,66,100.0,100.0,100.0,True,,,0
134,financial_134,FIRST FINANCIAL BANK,2,52,95.0,95.0,95.0,True,,,0
135,financial_135,FIRST MERCHANTS BANK,2,2,100.0,100.0,100.0,True,,,0
136,financial_136,FIRST UNION NATIONAL BANK OF NORTH CAROLINA,4,54,94.81161957155956,88.17204301075269,100.0,True,,,0
137,financial_137,FIRST INTERSTATE BANK OF TEXAS NA,3,33,100.0,100.0,100.0,True,,,0
138,financial_138,FIRST NATIONAL BANK OF BOSTON THE FNBB,3,18,92.76995305164318,88.30985915492957,95.0,True,,,0
139,financial_139,FIRST NATIONAL BANK OF CHIGAGO THE,2,13,89.1891891891892,89.1891891891892,89.1891891891892,False,Similitud promedio baja: 89.2%,,1
140,financial_140,FIRST BOSTON MEZZANINE INVESTMENT PARTNERSHIP,2,14,97.82608695652172,97.82608695652172,97.82608695652172,True,,,0
141,financial_141,FIRST FIDELITY BANK NA NEW JERSEY,2,6,100.0,100.0,100.0,True,,,0
142,financial_142,FIRST ANALYSIS PRIVATE EQUITY FUND V LP,3,12,97.52032520325203,97.5,97.5609756097561,True,,,0
143,financial_143,FIRST NATIONAL BANK OF BOSTON A NATIONAL BANKING ASSOCIATION,11,162,94.2224130362725,88.0,100.0,True,,,0
144,financial_144,FIRST PLAZA GROUP TRUST SOLELY FOR THE BENEFIT OF POOL PMI-127,4,24,97.58064516129032,96.7741935483871,98.38709677419357,True,,,0
145,financial_145,FIRST NATIONAL BANK OF BOSTON THE 100 FEDERAL STREET BOSTON MASSACHUSETTS 02110,2,6,97.4025974025974,97.4025974025974,97.4025974025974,True,,,0
146,financial_146,FIRST CITY NATIONAL BANK OF HOUSTON 1001 MAIN STREET HOUSTON TX 77002 A NATIONAL BANKING ASSOCIATION,3,10,94.86883287422371,92.3076923076923,97.95918367346938,True,,,0
147,financial_147,FIRST UNION NATIONAL BANK OF NORTH CAROLINA 122 NORTH ELM STREET P O BOX 21965 GREENSBORO NORTH CAROLINA 27420,2,5,92.23300970873788,92.23300970873788,92.23300970873788,True,,,0
148,financial_148,FIRST BANK NA,2,57,100.0,100.0,100.0,True,,,0
149,financial_149,BANK OF MONTREAL,10,3142,92.0,90.0,100.0,True,,,0
150,financial_150,JP MORGAN CHASE BANK,15,2826,96.12631578947368,88.0,100.0,True,,,0
151,financial_151,KEYBANK NA,10,2208,93.57142857142857,90.0,100.0,True,,,0
152,financial_152,BELL CHRISTY W,3,47,96.66666666666667,95.0,100.0,True,,,0
153,financial_153,HILCO CAPITAL LLP,2,48,96.96969696969695,96.96969696969695,96.96969696969695,True,,,0
154,financial_154,DBD CREDIT FUNDING LLC,4,1314,100.0,100.0,100.0,True,,,0
155,financial_155,ABLECO FINANCE LLC,9,2725,95.0,90.0,100.0,True,,,0
156,financial_156,ANTARES CAPITAL LP,19,1670,93.03928870048033,89.47368421052632,100.0,True,,,0
157,financial_157,LASALLE BUSINESS CREDIT INC,12,1352,93.95464074709353,88.88888888888889,100.0,True,,,0
158,financial_158,LASALLE BANK NA,9,484,96.0,90.0,100.0,True,,,0
159,financial_159,LASALLE NATIONAL BANK,4,58,92.0,90.0,100.0,True,,,0
160,financial_160,LASALLE BANK MIDWEST NA,2,31,100.0,100.0,100.0,True,,,0
161,financial_161,CHEMICAL BANK,22,3248,92.57598039215691,90.0,100.0,False,Grupo muy grande: 22 nombres,,1
162,financial_162,UMB BANK NA,8,1040,100.0,100.0,100.0,True,,,0
163,financial_163,ARES CAPITAL CORP,7,1968,95.0,90.0,100.0,True,,,0
164,financial_164,CIT GROUP BUSINESS CREDIT INC,24,1943,96.30714601611965,88.87096774193547,100.0,False,Grupo muy grande: 24 nombres,,1
165,financial_165,CIT GROUP COMMERCIAL SERVICES INC,5,176,98.0,95.0,100.0,True,,,0
166,financial_166,CIT NORTHBRIDGE CREDIT LLC,2,118,100.0,100.0,100.0,True,,,0
167,financial_167,CIT GROUP CREDIT FINANCE INC,7,168,91.64576802507837,90.0,95.0,True,,,0
168,financial_168,CIT LENDING SERVICES CORP,3,105,100.0,100.0,100.0,True,,,0
169,financial_169,CIT HEALTHCARE LLC,2,66,100.0,100.0,100.0,True,,,0
170,financial_170,CIT FINANCE LLC,3,83,93.33333333333333,90.0,100.0,True,,,0
171,financial_171,SILVER POINT FINANCE LLC,9,1354,98.88888888888889,95.0,100.0,True,,,0
172,financial_172,SILVER LAKE WATERMAN FUND II LP,2,6,100.0,100.0,100.0,True,,,0
173,financial_173,FLEET CAPITAL CORP,11,1458,94.1141141141141,90.0,100.0,True,,FLEET,0
174,financial_174,FLEET NATIONAL BANK,21,1463,92.55508474576271,89.99999999999999,100.0,False,Grupo muy grande: 21 nombres,FLEET,1
175,financial_175,FLEET PRECIOUS METALS INC,3,17,96.66666666666667,95.0,100.0,True,,FLEET,0
176,financial_176,FLEET BUSINESS CREDIT LLC,2,12,100.0,100.0,100.0,True,,FLEET,0
177,financial_177,BIOPHARMA CREDIT PLC,2,888,100.0,100.0,100.0,True,,,0
178,financial_178,SUNTRUST BANK,15,1832,91.67590027700831,90.0,100.0,True,,,0
179,financial_179,FGI WORLDWIDE LLC,2,765,100.0,100.0,100.0,True,,,0
180,financial_180,CANADIAN IMPERIAL BANK OF COMMERCE,23,2039,94.88437653143768,88.80434782608695,100.0,False,Grupo muy grande: 23 nombres,,1
181,financial_181,NATIONAL CITY BANK,15,1381,91.78571428571429,90.0,100.0,True,,,0
182,financial_182,ITT COMMERICAL FINANCE CORP,5,759,95.06424792139079,90.0,100.0,True,,,0
183,financial_183,ITT INDUSTRIAL CREDIT CO A NV CORP,2,10,95.0,95.0,95.0,True,,,0
184,financial_184,TPG SPECIALTY LENDING INC,4,683,100.0,100.0,100.0,True,,,0
185,financial_185,GREAT ROCK CAPITAL MANAGEMENT LLC,2,800,95.0,95.0,95.0,True,,,0
186,financial_186,NBD BANK NA,4,609,91.66666666666667,90.0,95.0,True,,,0
187,financial_187,OBSIDIAN LLC,4,783,95.0,90.0,100.0,True,,,0
188,financial_188,WADE WILLIAM J,4,700,92.0,90.0,100.0,True,,,0
189,financial_189,BARINGS FINANCE LLC,4,559,100.0,100.0,100.0,True,,,0
190,financial_190,BMO HARRIS BANK NA,11,909,94.03061224489795,88.21428571428571,100.0,True,,,0
191,financial_191,OAKTREE FUND ADMINISTRATION LLC,2,498,100.0,100.0,100.0,True,,,0
192,financial_192,DEERFIELD PRIVATE DESIGN FUND IV LP,7,1096,96.92138617061285,95.0,100.0,True,,,0
193,financial_193,DEERFIELD PRIVATE DESIGN INTERNATIONAL II LP,2,354,96.47058823529412,96.47058823529412,96.47058823529412,True,,,0
194,financial_194,DEERFIELD PARTNERS LP,3,27,100.0,100.0,100.0,True,,,0
195,financial_195,DEERFIELD MGMT LP,2,23,100.0,100.0,100.0,True,,,0
196,financial_196,DEERFIELD MANAGEMENT CO LP,3,24,100.0,100.0,100.0,True,,,0
197,financial_197,US TRUST CO OF NEW YORK,7,605,94.61538461538461,90.0,100.0,True,,,0
198,financial_198,HARRIS TRUST & SAVINGS BANK,16,690,94.07228409263722,88.88888888888889,100.0,True,,,0
199,financial_199,HARRIS NA AS SECURED PARTY,6,264,96.66666666666667,90.0,100.0,True,,,0
200,financial_200,KPS CAPITAL FINANCE MANAGEMENT LLC,2,416,100.0,100.0,100.0,True,,,0
201,financial_201,KPS SPECIAL SITUATIONS FUND II A LP A DELAWARE LTD PARTNERSHIP,3,81,93.54652505195105,88.7323943661972,98.36065573770492,True,,,0
202,financial_202,TC LENDING LLC,3,487,93.33333333333333,90.0,100.0,True,,,0
203,financial_203,ABNAMRO BANK NV,14,563,95.37001897533202,90.0,100.0,True,,,0
204,financial_204,TCW ASSET MANAGEMENT CO LLC,6,451,97.33333333333333,95.0,100.0,True,,,0
205,financial_205,STATE STREET BANK & TRUST CO NA,11,690,93.25568797399784,90.0,100.0,True,,,0
206,financial_206,STATE OF WISCONSIN INVESTMENT BOARD,2,43,100.0,100.0,100.0,True,,,0
207,financial_207,NATIONSBANK OF TEXAS NA,6,512,96.66666666666667,90.0,100.0,True,,,0
208,financial_208,NATIONSBANK NA,18,689,94.25531914893617,90.0,100.0,True,,CREDIT SUISSE,0
209,financial_209,NATIONSBANK OF GEORGIA NA,3,36,92.0,88.0,100.0,True,,,0
210,financial_210,OPUS 5949 LLC,2,2,100.0,100.0,100.0,True,,,0
211,financial_211,BLUE TORCH FINANCE LLC,6,729,100.0,100.0,100.0,True,,,0
212,financial_212,EAST WEST BANK,3,356,90.0,90.0,90.0,True,,,0
213,financial_213,FIFTH THIRD BANK A MICHIGAN BANKING CORP,15,871,92.6460958951073,88.31168831168831,100.0,True,,,0
214,financial_214,FIFTH STREET FINANCE CORP,3,27,100.0,100.0,100.0,True,,,0
215,financial_215,HIGHBRIDGE PRINCIPAL STRATEGIES LLC,2,451,100.0,100.0,100.0,True,,,0
216,financial_216,ACQUIOM AGENCY SERVICES LLC,3,348,100.0,100.0,100.0,True,,,0
217,financial_217,WHITE OAK GLOBAL ADVISORS LLC,3,437,100.0,100.0,100.0,True,,,0
218,financial_218,WHITE OAK COMMERCIAL FINANCE LLC,2,269,100.0,100.0,100.0,True,,,0
219,financial_219,UNION BANK NA,18,705,91.51622560812616,88.3720930232558,100.0,True,,,0
220,financial_220,WESTERNALLIANCE BANK,3,405,90.0,90.0,90.0,True,,,0
221,financial_221,BNP PARIBAS,9,718,92.4074074074074,90.0,100.0,True,,,0
222,financial_222,J P MORGAN EUROPE LTD,4,447,92.0,90.0,100.0,True,,,0
223,financial_223,J P MORGAN TRUST CO NA,2,189,100.0,100.0,100.0,True,,,0
224,financial_224,J P MORGAN DELAWARE,3,58,93.33333333333333,90.0,100.0,True,,,0
225,financial_225,J HENRY SCHRODER BANK & TRUST CO A NEW YORK BANKING INSTITUTIONAS TRUSTEE,4,28,90.98540956237566,89.0625,94.20289855072464,True,,,0
226,financial_226,HELLER FINANCIAL INC,20,684,93.10223746529476,89.99999999999999,100.0,True,,,0
227,financial_227,HELLER HEALTHCARE FINANCE INC,2,193,100.0,100.0,100.0,True,,,0
228,financial_228,PACIFIC WESTERN BANK,3,315,90.0,90.0,90.0,True,,,0
229,financial_229,PACIFIC BUSINESS FUNDING,2,24,90.0,90.0,90.0,True,,,0
230,financial_230,RBS CITIZENS NA,6,382,94.28571428571429,90.0,100.0,True,,CITI,0
231,financial_231,RBS BUSINESS CAPITAL A DIVISION OF RBS ASSET FINANCE INC,3,40,96.66666666666667,95.0,100.0,True,,,0
232,financial_232,FORTRESS CREDIT CO LLC,3,396,100.0,100.0,100.0,True,,,0
233,financial_233,FORTRESS CREDIT CORP,4,182,100.0,100.0,100.0,True,,,0
234,financial_234,SOVEREIGN BANK,2,296,95.0,95.0,95.0,True,,,0
235,financial_235,CONGRESS FINANCIAL CORP FLORIDA,35,1384,91.81248354371647,88.23529411764706,100.0,False,Grupo muy grande: 35 nombres,,1
236,financial_236,COOPERATIEVE CENTRALE RAIFFEISEN-BOERENLEENBANK B A RABOBANK NEDERLAND NEW YORK BRANCH,11,328,93.45048818142065,88.08510638297872,100.0,True,,,0
237,financial_237,OBSIDIANAGENCY SERVICES INC,4,505,95.0,90.0,100.0,True,,,0
238,financial_238,OXFORD FINANCE LLC,10,631,93.369708994709,88.88888888888889,100.0,True,,,0
239,financial_239,BSP AGENCY LLC,2,278,100.0,100.0,100.0,True,,,0
240,financial_240,GUGGENHEIM CORPORATE FUNDING LLC,6,435,96.66666666666667,90.0,100.0,True,,,0
241,financial_241,GUGGENHEIM CREDIT SERVICES LLC,5,155,100.0,100.0,100.0,True,,,0
242,financial_242,BLACK DIAMOND COMMERCIAL FINANCE LLC,3,445,100.0,100.0,100.0,True,,,0
243,financial_243,BLACK DONALD E,11,16,93.58854743353422,88.0,100.0,True,,,0
244,financial_244,ALLIANT TECHSYSTEMS INC,2,278,100.0,100.0,100.0,True,,,0
245,financial_245,TORONTO DOMINION TEXAS LLC,3,263,100.0,100.0,100.0,True,,,0
246,financial_246,CONTINENTAL BANK NA,18,499,93.46694067400344,90.0,100.0,True,,,0
247,financial_247,CONTINENTAL STOCK TRANSFER & TRUST CO FOR HOLDERS OF PROMISSORY NOTES,2,31,90.0,90.0,90.0,True,,,0
248,financial_248,HERCULES CAPITAL INC,5,390,100.0,100.0,100.0,True,,,0
249,financial_249,HERCULES TECHNOLOGY GROWTH CAPITAL INC,5,227,95.54028589993501,89.72222222222221,100.0,True,,,0
250,financial_250,HERCULES TECHNOLOGY III LP,3,40,98.69281045751633,98.0392156862745,100.0,True,,,0
251,financial_251,D B ZWIRN FINANCE LLC,3,282,93.33333333333333,90.0,100.0,True,,,0
252,financial_252,D & W III,2,2,90.0,90.0,90.0,True,,,0
253,financial_253,SIENA LENDING GROUP LLC,2,255,100.0,100.0,100.0,True,,,0
254,financial_254,TD BANK NA,4,327,95.0,90.0,100.0,True,,,0
255,financial_255,BT COMMERICAL CORP,14,916,93.14888888888889,88.0,100.0,True,,,0
256,financial_256,HEALTHCARE FINANCIAL SOLUTIONS LLC,7,616,96.25,90.0,100.0,True,,GENERAL ELECTRIC CAPITAL,0
257,financial_257,HEALTHCARE ROYALTY PARTNERS II LP AS LENDER,3,58,94.18998756218906,89.0625,98.50746268656717,True,,,0
258,financial_258,US HEALTHCARE I LLC,2,65,100.0,100.0,100.0,True,,,0
259,financial_259,FCC LLC D B A FIRST CAPITAL,3,301,93.33333333333333,90.0,100.0,True,,,0
260,financial_260,BANQUE PARIBAS,6,139,94.28571428571429,90.0,100.0,True,,,0
261,financial_261,BANQUE INDOSUEZ,5,29,92.14285714285714,90.0,100.0,True,,,0
262,financial_262,GOLUB CAPITAL MARKETS LLC,10,330,95.54738562091501,88.23529411764706,100.0,True,,,0
263,financial_263,TORONTO-DOMINION BANK,6,246,98.33333333333333,95.0,100.0,True,,,0
264,financial_264,SOCIETE GENERALE,4,251,97.5,95.0,100.0,True,,,0
265,financial_265,ACF FINCO I LP,4,369,95.0,90.0,100.0,True,,,0
266,financial_266,OAK IX AFFILIATES FUND LP,2,2,96.15384615384616,96.15384615384616,96.15384615384616,True,,,0
267,financial_267,SUN RICHARD A,2,18,100.0,100.0,100.0,True,,,0
268,financial_268,SUN MICROSYSTEMS INC,2,9,100.0,100.0,100.0,True,,,0
269,financial_269,PRIVATEBANK & TRUST CO,4,239,100.0,100.0,100.0,True,,,0
270,financial_270,TRANSAMERICA BUSINESS CREDIT CORP,8,387,94.8409867373871,88.23529411764706,100.0,True,,,0
271,financial_271,TRANSAMERICA COMMERCIAL FINANCE CORP,2,10,97.2222222222222,97.2222222222222,97.2222222222222,True,,,0
272,financial_272,BEAR STEARNS CORPORATE LENDING INC,4,220,100.0,100.0,100.0,True,,,0
273,financial_273,INNOVATUS LIFE SCIENCES LENDING FUND I LP,3,373,98.3739837398374,97.5609756097561,100.0,True,,,0
274,financial_274,ALEXANDER FINANCE LP,2,200,100.0,100.0,100.0,True,,,0
275,financial_275,BANKBOSTON NA,7,421,91.875,90.0,100.0,True,,,0
276,financial_276,CAPITALSOURCE FINANCE LLC,3,295,100.0,100.0,100.0,True,,,0
277,financial_277,E I DU PONT DE NEMOURS & CO,2,8,100.0,100.0,100.0,True,,,0
278,financial_278,FSJC III LLC,4,282,93.32905982905982,88.0,96.0,True,,,0
279,financial_279,CONNECTICUT NATIONAL BANK THE A NATIONAL BANKING ASSOCIATIONAS TRUSTEE,18,574,93.33132929589502,88.36363636363637,100.0,True,,,0
280,financial_280,CONNECTICUT INNOVATIONS INC,3,34,96.66666666666667,95.0,100.0,True,,,0
281,financial_281,CONNECTICUT GENERAL LIFE INSURANCE,3,4,91.92488262910798,90.0,95.77464788732397,True,,,0
282,financial_282,REGIONS BANK,7,262,94.0,90.0,100.0,True,,,0
283,financial_283,WOODS KATHLEEN D,4,298,93.23529411764707,89.41176470588236,100.0,True,,,0
284,financial_284,WOODS JR WILLIE,2,2,95.0,95.0,95.0,True,,,0
285,financial_285,HAYFIN SERVICES LLP,5,262,96.0,90.0,100.0,True,,,0
286,financial_286,ING CAPITAL LLC,5,256,96.42857142857143,90.0,100.0,True,,,0
287,financial_287,ING BANK NV,2,23,90.0,90.0,90.0,True,,,0
288,financial_288,FIRSTAR BANK NA,3,200,93.33333333333333,90.0,100.0,True,,,0
289,financial_289,FIRSTAR BANK MILWAUKEE NA,2,17,90.0,90.0,90.0,True,,,0
290,financial_290,CRG SERVICING LLC,4,243,95.0,90.0,100.0,True,,,0
291,financial_291,CRG PARTNERS III CAYMAN LP,2,38,95.0,95.0,95.0,True,,,0
292,financial_292,CRG PARTNERS III - PARALLEL FUND A LP,2,37,92.36111111111111,92.36111111111111,92.36111111111111,True,,,0
293,financial_293,IMPERIAL BANK,3,188,90.0,90.0,90.0,True,,,0
294,financial_294,TEXAS COMMERCE BANK NA,7,393,93.2574679943101,90.0,100.0,True,,,0
295,financial_295,TEXAS CAPITAL BANK NA,3,14,96.66666666666667,95.0,100.0,True,,,0
296,financial_296,TEXAS COMMERCE BANK-AUSTIN,2,6,95.0,95.0,95.0,True,,,0
297,financial_297,HCR COLLATERAL MANAGEMENT LLC,2,244,100.0,100.0,100.0,True,,,0
298,financial_298,BANKAMERICA BUSINESS CREDIT INC,5,274,97.78688524590166,95.0,100.0,True,,,0
299,financial_299,PERCEPTIVE CREDIT HOLDINGS II LP,6,350,97.11480664144598,95.0,100.0,True,,,0
300,financial_300,OWL ROCK CAPITAL CORP,4,128,100.0,100.0,100.0,True,,,0
301,financial_301,SECURITY PACIFIC NATIONAL BANK,5,226,94.43296703296703,88.61538461538463,100.0,True,,,0
302,financial_302,SECURITY PACIFIC BUSINESS CREDIT INC,11,135,95.64759347242305,90.0,100.0,True,,,0
303,financial_303,PATRIARCH PARTNERS AGENCY SERVICES LLC,2,190,100.0,100.0,100.0,True,,,0
304,financial_304,CIBC BANK USA,2,176,100.0,100.0,100.0,True,,,0
305,financial_305,STANDARD REGISTER CO,2,170,100.0,100.0,100.0,True,,,0
306,financial_306,STANDARD CHARTERED BANK,4,107,92.0,90.0,100.0,True,,,0
307,financial_307,STANDARD FEDERAL BANK,3,26,90.0,90.0,90.0,True,,,0
308,financial_308,PARTNERS FOR GROWTH LP,6,276,95.17638475680127,92.0,98.0392156862745,True,,,0
309,financial_309,PERSEUS CAPITAL LLC,2,8,94.73684210526316,94.73684210526316,94.73684210526316,True,,,0
310,financial_310,AGILITY CAPITAL LLC,3,199,96.66666666666667,95.0,100.0,True,,,0
311,financial_311,ATHYRIUM OPPORTUNITIES II ACQUISITION LP,5,261,97.75925925925927,95.0,100.0,True,,,0
312,financial_312,GE BUSINESS FINANCIAL SERVICES INC,2,171,90.0,90.0,90.0,True,,,0
313,financial_313,GE CANADA FINANCE HOLDING CO,2,129,100.0,100.0,100.0,True,,,0
314,financial_314,VENTURE LENDING & LEASING IV INC,21,575,95.42801801755144,88.57142857142858,100.0,False,Grupo muy grande: 21 nombres,,1
315,financial_315,VENTURE BANKING GROUP A DIVISION OF CUPERTINO NATIONAL BANK & TRUST,7,228,92.8461871173809,89.23076923076923,100.0,True,,,0
316,financial_316,KKR LOANADMINISTRATION SERVICES LLC,2,176,100.0,100.0,100.0,True,,,0
317,financial_317,SPECIAL SITUATIONS CAYMAN FUND LP,5,100,89.79220779220779,88.21428571428571,96.1038961038961,False,Similitud promedio baja: 89.8%,,1
318,financial_318,BANCBOSTON FINANCIAL CO,4,173,92.0,90.0,100.0,True,,,0
319,financial_319,BANCBOSTON TRUST CO OF NEW YORK,2,2,90.0,90.0,90.0,True,,,0
320,financial_320,RESTART PARTNERS II LP,5,725,94.8172421893352,90.9090909090909,97.77777777777776,True,,,0
321,financial_321,TRIPLEPOINT CAPITAL LLC,4,191,97.5,95.0,100.0,True,,,0
322,financial_322,LAURUS MASTER FUND LTD,2,146,90.0,90.0,90.0,True,,,0
323,financial_323,ENCINA BUSINESS CREDIT LLC,3,154,96.66666666666667,95.0,100.0,True,,,0
324,financial_324,BANK OF THE WEST,2,170,90.0,90.0,90.0,True,,,0
325,financial_325,KOREA DEVELOPMENT BANK NEW YORK BRANCH,2,161,95.0,95.0,95.0,True,,,0
326,financial_326,USB AG STAMFORD BRANCH,2,247,100.0,100.0,100.0,True,,,0
327,financial_327,USB FOCUS FUND LEVELUP 2-A LLC,4,24,96.60984479511656,94.91525423728814,98.30508474576273,True,,,0
328,financial_328,MELLON BANK NA,19,333,94.52031410037556,90.0,100.0,True,,,0
329,financial_329,SOUTHEAST BANK NA,4,373,92.35875706214689,90.0,99.43502824858756,True,,,0
330,financial_330,NORWEST BUSINESS CREDIT INC,2,131,95.0,95.0,95.0,True,,,0
331,financial_331,NORWEST BANK MINNESOTA NATIONAL ASSOCATION,12,93,93.13668224299066,90.0,100.0,True,,,0
332,financial_332,NORWEST BANK ARIZONA NA,4,6,94.18604651162792,88.37209302325581,100.0,True,,,0
333,financial_333,KOOKMIN BANK NEW YORK BRANCH,4,150,92.5,90.0,100.0,True,,,0
334,financial_334,MANCHESTER SECURITIES CORP,2,144,100.0,100.0,100.0,True,,,0
335,financial_335,NATIONAL BANK OF CANADA,6,147,92.14285714285714,90.0,100.0,True,,,0
336,financial_336,NATIONAL CANADA FINANCE CORP,4,15,97.5,95.0,100.0,True,,,0
337,financial_337,CANTOR FITZGERALD SECURITIES,6,266,96.093567251462,88.42105263157895,100.0,True,,,0
338,financial_338,SWK FUNDING LLC,3,242,100.0,100.0,100.0,True,,,0
339,financial_339,US BANK NA NOT IN ITS INDIVIDUAL CAPACITY BUT SOLELY,2,125,99.02912621359224,99.02912621359224,99.02912621359224,True,,US BANK,0
340,financial_340,INTELLECTUAL VENTURES ASSETS 186 LLC,7,247,95.76719576719572,94.44444444444444,97.2222222222222,True,,,0
341,financial_341,CRYSTAL FINANCIAL LLC,4,303,93.33333333333333,90.0,100.0,True,,,0
342,financial_342,HUNTINGTON NATIONAL BANK,7,204,95.92436974789916,89.41176470588236,100.0,True,,,0
343,financial_343,CCP AGENCY LLC,2,7,100.0,100.0,100.0,True,,,0
344,financial_344,GMAC COMMERCIAL FINANCE LLC,5,237,97.77777777777779,96.2962962962963,100.0,True,,,0
345,financial_345,MERRILL LYNCH CAPITAL CORP,21,461,93.13230147001633,90.0,100.0,False,Grupo muy grande: 21 nombres,,1
346,financial_346,MERRILL LYNCH PIERCE FENNER & SMITH INC,2,27,95.0,95.0,95.0,True,,,0
347,financial_347,MERRILL LYNCH CREDIT PRODUCTS LLC,2,36,100.0,100.0,100.0,True,,,0
348,financial_348,MERRILL LYNCH INTERFUNDING INC,3,4,96.66666666666667,95.0,100.0,True,,,0
349,financial_349,ALPHA CAPITAL ANSTALT,2,111,90.0,90.0,90.0,True,,,0
350,financial_350,ALPHA & OMEGA FAMILY FOUNDATION C O ADLER MANAGEMENT LLC,2,4,91.12244897959184,91.12244897959184,91.12244897959184,True,,,0
351,financial_351,HORIZON TECHNOLOGY FINANCE CORP,5,164,93.51219512195122,90.0,100.0,True,,,0
352,financial_352,HORIZON TECHNOLOGY FUNDING CO LLC,3,39,98.03921568627452,97.05882352941175,100.0,True,,,0
353,financial_353,MB FINANCIAL BANK NA,3,38,100.0,100.0,100.0,True,,,0
354,financial_354,NEWSTAR FINANCIAL INC,4,118,95.0,90.0,100.0,True,,,0
355,financial_355,SJC DLF III-S LLC,8,125,92.42185510567865,90.9090909090909,96.96969696969695,True,,,0
356,financial_356,BRISBEN WATER SOLUTIONS LLC,3,115,97.53044067509477,96.2962962962963,98.1818181818182,True,,,0
357,financial_357,M & I MARSHALL & ILSLEY BANK,9,113,92.28234728234729,88.21428571428571,100.0,True,,,0
358,financial_358,M & F TTP HOLDINGS LLC,2,14,90.0,90.0,90.0,True,,,0
359,financial_359,NATIONAL BANK OF DETROIT,2,127,90.0,90.0,90.0,True,,,0
360,financial_360,ALARIS MEDICAL SYSTEMS INC,2,99,95.0,95.0,95.0,True,,,0
361,financial_361,COMPUTERSHARE TRUST CO NA,4,181,91.96808510638297,88.93617021276596,100.0,True,,WELLS FARGO,0
362,financial_362,BANK HAPOALIM B M,2,96,90.0,90.0,90.0,True,,,0
363,financial_363,COWEN HEALTHCARE ROYALTY PARTNERS II LP AS LENDER,3,112,95.33333333333333,95.0,96.0,True,,,0
364,financial_364,NAXYRIS SA,2,97,90.0,90.0,90.0,True,,,0
365,financial_365,DNB BANK ASA NEW YORK BRANCH,2,94,90.0,90.0,90.0,True,,,0
366,financial_366,LBC CREDIT PARTNERS III LP,8,204,95.54509803921569,88.23529411764706,100.0,True,,,0
367,financial_367,LBC CREDIT AGENCY SERVICES LLC,3,19,100.0,100.0,100.0,True,,,0
368,financial_368,DYMAS FUNDING CO LLC,4,143,95.0,90.0,100.0,True,,,0
369,financial_369,SOLAR CAPITAL LTD,4,244,100.0,100.0,100.0,True,,,0
370,financial_370,BZINFIN SA,2,90,100.0,100.0,100.0,True,,,0
371,financial_371,PITTSBURGH NATIONAL BANK,2,89,90.0,90.0,90.0,True,,,0
372,financial_372,MGG INVESTMENT GROUP LP,2,111,100.0,100.0,100.0,True,,,0
373,financial_373,BRIDGE BANK NA,4,97,95.0,90.0,100.0,True,,,0
374,financial_374,IROQUOIS MASTER FUND LTD,2,104,93.61702127659576,93.61702127659576,93.61702127659576,True,,,0
375,financial_375,NORTHERN TRUST CO,2,111,100.0,100.0,100.0,True,,,0
376,financial_376,PORTSIDE GROWTH & OPPORTUNITY FUND,3,124,100.0,100.0,100.0,True,,,0
377,financial_377,MILLENNIUM PETROCHEMICALS INC,3,8,92.78301886792454,90.56603773584906,95.0,True,,,0
378,financial_378,THL CORPORATE FINANCE INC,2,108,100.0,100.0,100.0,True,,,0
379,financial_379,APOLLO ADMINISTRATIVE AGENCY LLC,3,83,100.0,100.0,100.0,True,,,0
380,financial_380,APOLLO LAMINATES AGENT LLC,2,15,100.0,100.0,100.0,True,,,0
381,financial_381,WEBSTER BANK NA,3,108,96.66666666666667,95.0,100.0,True,,,0
382,financial_382,WEBSTER BUSINESS CREDIT CORP,3,31,100.0,100.0,100.0,True,,,0
383,financial_383,ECLIPSE BUSINESS CAPITAL LLC,5,99,96.0,90.0,100.0,True,,,0
384,financial_384,H B FULLER CO A MN CORP,2,3,90.0,90.0,90.0,True,,,0
385,financial_385,PENA ANGELITA,2,80,90.0,90.0,90.0,True,,,0
386,financial_386,COLE TAYLOR BANK,2,77,95.0,95.0,95.0,True,,,0
387,financial_387,MANUFACTURES HANOVER TRUST CO A NEW YORK CORP,2,65,90.0,90.0,90.0,True,,,0
388,financial_388,B III CAPITAL PARTNERS LP,2,7,88.16326530612244,88.16326530612244,88.16326530612244,False,Similitud promedio baja: 88.2%,,1
389,financial_389,B & S SCREW MACHINE SERVICES LTD,2,2,90.625,90.625,90.625,True,,,0
390,financial_390,GORDON BROTHERS FINANCE CO,2,107,100.0,100.0,100.0,True,,,0
391,financial_391,ORIX VENTURE FINANCE LLC,2,31,100.0,100.0,100.0,True,,,0
392,financial_392,ORIX FINANCE CORP,2,6,95.0,95.0,95.0,True,,,0
393,financial_393,ALLIED CAPITAL CORP,3,75,91.01626016260163,88.04878048780488,95.0,True,,,0
394,financial_394,ALLIED INVESTMENT CORP,3,10,91.66666666666667,90.0,95.0,True,,,0
395,financial_395,COMPASS BANK,2,5,100.0,100.0,100.0,True,,,0
396,financial_396,HUDSON BAY MASTER FUND LTD,3,94,100.0,100.0,100.0,True,,,0
397,financial_397,HUDSON BAY FUND LP,2,51,100.0,100.0,100.0,True,,,0
398,financial_398,HUDSON BAY IP OPPORTUNITIES MASTER FUND LP,3,6,96.66666666666667,95.0,100.0,True,,,0
399,financial_399,BERKSHIRE BANK,2,71,100.0,100.0,100.0,True,,,0
400,financial_400,JOHN HANCOCK LIFE INSURANCE CO,6,104,93.4317998385795,90.0,98.30508474576273,True,,,0
401,financial_401,COAST BUSINESS CREDIT A DIVISION OF SOUTHERN PACIFIC BANK,9,96,92.0680310515173,90.0,100.0,True,,,0
402,financial_402,ROSENTHAL & ROSENTHAL INC,2,77,95.0,95.0,95.0,True,,,0
403,financial_403,MARINE MIDLAND BANK AGENT,11,167,92.60092744135298,89.36170212765957,100.0,True,,,0
404,financial_404,MARINE BANK,3,36,90.0,90.0,90.0,True,,,0
405,financial_405,MARINE MIDLAND BUSINESS LOANS INC 401 E OCEAN BLVD STE 900 LONG BEACH CA 90802,6,11,92.30037496926482,90.0,95.0,True,,,0
406,financial_406,COOPER-STANDARD AUTOMOTIVE INC,2,64,100.0,100.0,100.0,True,,,0
407,financial_407,HANS DWAYNE CARTOUCHE JR MR,3,66,93.14814814814815,89.72222222222221,100.0,True,,,0
408,financial_408,INTERNATIONAL BUSINESS MACHINES CORP,3,68,93.06962025316456,91.13924050632912,95.0,True,,,0
409,financial_409,BUSINESS DEVELOPMENT CORP OF AMERICA,2,4,100.0,100.0,100.0,True,,,0
410,financial_410,BAIN CAPITAL CREDIT LP,2,66,100.0,100.0,100.0,True,,,0
411,financial_411,MARQUETTE BUSINESS CREDIT LLC,2,64,93.10344827586206,93.10344827586206,93.10344827586206,True,,,0
412,financial_412,MARQUETTE CAPITAL BANK,2,15,95.0,95.0,95.0,True,,,0
413,financial_413,SINGER CHILDREN S MANAGEMENT TRUST,2,62,90.0,90.0,90.0,True,,,0
414,financial_414,SOUTHTRUST BANK,4,65,91.25,90.0,95.0,True,,,0
415,financial_415,GATX VENTURES INC,3,93,100.0,100.0,100.0,True,,,0
416,financial_416,GATX CAITAL CORP,2,6,90.9090909090909,90.9090909090909,90.9090909090909,True,,,0
417,financial_417,GATX FINANCIAL CORP,2,4,100.0,100.0,100.0,True,,,0
418,financial_418,MADISON CAPITAL FUNDING LLC,3,71,100.0,100.0,100.0,True,,,0
419,financial_419,OCM FIE LLC,3,56,100.0,100.0,100.0,True,,,0
420,financial_420,EASTMAN KODAK CO,4,75,91.0,90.0,95.0,True,,,0
421,financial_421,FIDELCOR BUSINESS CREDIT CORP,3,134,92.5,90.0,95.0,True,,,0
422,financial_422,SOCIETY NATIONAL BANK,3,122,96.66666666666667,95.0,100.0,True,,,0
423,financial_423,YA GLOBAL INVESTMENTS LP,4,145,95.14893617021275,90.0,100.0,True,,,0
424,financial_424,UNITED JERSEY BANK,2,6,90.0,90.0,90.0,True,,,0
425,financial_425,FIDELITY BANK NA,4,74,95.0,90.0,100.0,True,,,0
426,financial_426,FIDELITY UNION BANK TRUSTEE,3,62,92.5,90.0,95.0,True,,,0
427,financial_427,FIDELITY UNION TRUST CO TRUSTEE,2,33,100.0,100.0,100.0,True,,,0
428,financial_428,FIDELITY UNION TRUST CO & WILLAM ARNEBECK TRUSTEES,3,3,98.67326732673267,98.0,99.009900990099,True,,,0
429,financial_429,GLENFED FINANCIAL CORP,3,75,93.33333333333333,90.0,100.0,True,,,0
430,financial_430,MVC CAPITAL INC,2,67,100.0,100.0,100.0,True,,,0
431,financial_431,RHONE GROUP LLC,2,57,100.0,100.0,100.0,True,,,0
432,financial_432,SUMITOMO BANK OF CALIFORNIA,3,81,92.84313725490195,90.0,98.52941176470588,True,,,0
433,financial_433,SUMITOMO BANK THE LTD NEW YORK BRANCH FOR LENDER,2,23,95.0,95.0,95.0,True,,,0
434,financial_434,MERIDIAN BANK,3,71,90.0,90.0,90.0,True,,,0
435,financial_435,NATIONAL WESTMINSTER BANK USA A NATIONAL BANKING ASSOCIATION 175 WATER STREET NEW YORK NEW YORK,7,144,91.20689655172414,89.65517241379311,100.0,True,,,0
436,financial_436,REGIMENT CAPITAL SPECIAL SITUATIONS FUND V LP,2,56,92.8409090909091,92.8409090909091,92.8409090909091,True,,,0
437,financial_437,AUSTIN VENTURES VI LP,3,18,96.96969696969695,95.45454545454544,100.0,True,,,0
438,financial_438,C M LIFE INSURANCE CO,2,7,90.0,90.0,90.0,True,,,0
439,financial_439,JOHNSON & JOHNSON INNOVATION - JJDC INC,3,96,90.0,90.0,90.0,True,,,0
440,financial_440,BRANCH BANKING & TRUST CO,3,55,96.66666666666667,95.0,100.0,True,,,0
441,financial_441,MASSACHUSETTS MUTUAL LIFE INSURANCE CO,9,119,92.9688374534987,89.41176470588236,98.66666666666669,True,,,0
442,financial_442,MASSACHUSETTS BUSINESS DEVELOPMENT CORP,2,10,100.0,100.0,100.0,True,,,0
443,financial_443,ORBIMED ROYALTY & CREDIT OPPORTUNITIES IV LP,3,115,92.7072502655263,90.74626865671642,96.62921348314607,True,,,0
444,financial_444,BNY ASSET SOLUTIONS LLC,2,66,100.0,100.0,100.0,True,,,0
445,financial_445,BNY MIDWEST TRUST CO,3,4,93.33333333333333,90.0,100.0,True,,,0
446,financial_446,BROWN BROTHERS HARRIMAN & CO,2,54,100.0,100.0,100.0,True,,,0
447,financial_447,BROWN DAVID P,2,5,100.0,100.0,100.0,True,,,0
448,financial_448,DUKE FINANCE HOLDINGS LLC,2,102,95.0,95.0,95.0,True,,,0
449,financial_449,EP INTERMEDIATE HOLDINGS I LLC,2,102,98.36065573770492,98.36065573770492,98.36065573770492,True,,,0
450,financial_450,INTERNATIONAL RECTIFIER CORP A DE CORP,2,52,95.0,95.0,95.0,True,,,0
451,financial_451,MEDTRONIC INC,2,55,95.0,95.0,95.0,True,,,0
452,financial_452,PATTERSON LINDA L TRUSTEE,2,60,89.72222222222221,89.72222222222221,89.72222222222221,False,Similitud promedio baja: 89.7%,,1
453,financial_453,BAKER BROS ADVISORS LLC FOR THE SECURED PARTIES,3,57,91.66666666666666,90.0,93.33333333333331,True,,,0
454,financial_454,BAKER COMMUNICATIONS FUND II LP,4,10,95.96153846153845,95.0,100.0,True,,,0
455,financial_455,MASSMUTUAL CORPORATE INVESTORS,12,192,92.26397823349404,88.47457627118645,100.0,True,,,0
456,financial_456,MASSMUTUAL CORPORATE VALUE PARTNERS LTD A CAYMAN ISLANDS LTD LIABILITY CO,5,24,92.1880341880342,90.0,100.0,True,,,0
457,financial_457,AVIDBANK CORPORATE FINANCE A DIVISION OF AVIDBANK,3,78,90.0,90.0,90.0,True,,,0
458,financial_458,SLR INVESTMENT CORP,3,82,100.0,100.0,100.0,True,,,0
459,financial_459,APPLE COMPUTER INC,2,7,97.2972972972973,97.2972972972973,97.2972972972973,True,,,0
460,financial_460,COOPERATIVE CENTRALE RAIFFAISEN-BOERENLEENBANK B A RABOBANK NEDERLAND NEW YORK BRANCH,4,68,93.42112837452522,88.31168831168831,98.82352941176472,True,,,0
461,financial_461,SIT INVESTMENT ASSOCIATES INC BY EUGENE C SIT CHAIRMAN,2,93,95.0,95.0,95.0,True,,,0
462,financial_462,US BANK NA AS SECURED NOTES COLLATERAL AGENT,3,50,89.8283752860412,89.13043478260869,90.52631578947368,False,Similitud promedio baja: 89.8%,US BANK,1
463,financial_463,TWIN BROOK CAPITAL PARTNERS LLC,3,63,100.0,100.0,100.0,True,,,0
464,financial_464,GARRISON LOANAGENCY SERVICES LLC,2,64,100.0,100.0,100.0,True,,,0
465,financial_465,GUARANTY BUSINESS CRESIT CORP,2,47,96.55172413793105,96.55172413793105,96.55172413793105,True,,,0
466,financial_466,MONROE CAPITAL MANAGEMENT ADVISORS LLC,5,97,98.0,95.0,100.0,True,,,0
467,financial_467,GOVERNOR & CO OF THE BANK OF SCOTLAND,5,59,92.7054794520548,90.0,100.0,True,,,0
468,financial_468,AFFINITY VENTURES IV LP,2,47,93.61702127659576,93.61702127659576,93.61702127659576,True,,,0
469,financial_469,ARLEEN M CARLSON 2000 BCG CLAT C O MR JOHN K FLOTTMEIER TONKAWA,2,90,96.82539682539682,96.82539682539682,96.82539682539682,True,,,0
470,financial_470,CROSSING AUTOMATION INC,2,48,100.0,100.0,100.0,True,,,0
471,financial_471,HARVEST SMALL CAP PARTNERS MASTER LTD,2,90,89.81818181818181,89.81818181818181,89.81818181818181,False,Similitud promedio baja: 89.8%,,1
472,financial_472,KREOS CAPITAL IV EXPERT FUND LTD,2,58,92.06349206349206,92.06349206349206,92.06349206349206,True,,,0
473,financial_473,KREOS CAPITAL III LTD,2,28,97.5609756097561,97.5609756097561,97.5609756097561,True,,,0
474,financial_474,PATHLIGHT CAPITAL LLC,4,108,95.09146341463415,92.6829268292683,100.0,True,,,0
475,financial_475,REVOCABLE TRUST OF BARBARA C GAGE C O MR JOHN K FLOTTMEIER TONKAWA,2,90,90.76923076923076,90.76923076923076,90.76923076923076,True,,,0
476,financial_476,PINE STREET CAPITAL PARTNERS II LP,2,47,100.0,100.0,100.0,True,,,0
477,financial_477,SAGARD HEALTHCARE ROYALTY PARTNERS LP,2,17,100.0,100.0,100.0,True,,,0
478,financial_478,BARCLAYSAMERICAN BUSINESS CREDIT INC,5,19,92.89657338265057,90.0,95.0,True,,,0
479,financial_479,SANWA BANK CALIFORNIA,2,46,97.5609756097561,97.5609756097561,97.5609756097561,True,,,0
480,financial_480,SANWA BUSINESS CREDIT CORPORATIONA DE CORP,6,104,93.36666666666666,90.0,100.0,True,,,0
481,financial_481,BACK BAY CAPITAL FUNDING LLC,2,43,95.0,95.0,95.0,True,,,0
482,financial_482,BAYBANK MIDDLESEX,2,49,90.0,90.0,90.0,True,,,0
483,financial_483,GRANITE GLOBAL VENTURES II LP,3,9,93.84180790960453,91.52542372881356,95.0,True,,,0
484,financial_484,GREYHOUND FINANCIAL CORPORATIONA DE CORP,5,87,91.6046511627907,90.0,95.0,True,,,0
485,financial_485,CASTLE CREEK HEALTHCARE INVESTORS LLC C O CASTLE CREEK PARTNERS LLC,2,43,90.0,90.0,90.0,True,,,0
486,financial_486,LANDMARK COMMUNITY BANK,2,61,100.0,100.0,100.0,True,,,0
487,financial_487,PVI VIRTUAL MEDIA SERVICES LLC,2,51,95.0,95.0,95.0,True,,,0
488,financial_488,ADVANCED TECHNOLOGY VENTURES VII B LP,8,139,95.41339740702156,90.0,100.0,True,,,0
489,financial_489,CHURCHILL AGENCY SERVICES LLC,4,39,100.0,100.0,100.0,True,,,0
490,financial_490,CHURCHILL CAPITAL PARTNERS III LP,2,16,95.0,95.0,95.0,True,,,0
491,financial_491,IVY INVESTMENT MANAGEMENT CO,2,59,100.0,100.0,100.0,True,,,0
492,financial_492,MADELEINE LLC,5,77,96.0,90.0,100.0,True,,,0
493,financial_493,MOROOD INTERNATIONAL SPC,2,41,90.0,90.0,90.0,True,,,0
494,financial_494,SMITH NATHANIEL T,2,5,95.0,95.0,95.0,True,,,0
495,financial_495,STAR BANK NA,4,50,95.0,90.0,100.0,True,,,0
496,financial_496,ATV ENTREPRENEURS VII LP,3,44,98.58156028368795,97.87234042553192,100.0,True,,,0
497,financial_497,FREEDOM CHEMICAL CO,2,44,100.0,100.0,100.0,True,,,0
498,financial_498,ST PAUL FIRE & MARINE INSURANCE CO,2,40,95.0,95.0,95.0,True,,,0
499,financial_499,DAIWA BANK LTD,2,74,90.0,90.0,90.0,True,,,0
500,financial_500,MIDLANTIC NATIONAL BANK,4,61,92.0,90.0,100.0,True,,,0
501,financial_501,DELAWARE TRUST CO,3,53,93.33333333333333,90.0,100.0,True,,,0
502,financial_502,AT & T CORP,3,38,100.0,100.0,100.0,True,,,0
503,financial_503,BAXTER INTERNATIONAL INC,3,19,90.0,90.0,90.0,True,,,0
504,financial_504,DIGITAL NETWORKS NORTH AMERICA INC,2,39,95.0,95.0,95.0,True,,,0
505,financial_505,DIGITAL MEDIA & COMMUNICATION - E C V,2,2,91.13924050632912,91.13924050632912,91.13924050632912,True,,,0
506,financial_506,DIGITAL MEDIA & COMMUNICATIONS III - A LTD PARTNERSHIP,4,4,96.98929041018386,96.15384615384616,98.14814814814817,True,,,0
507,financial_507,GMP INVESTOR LLC,2,45,100.0,100.0,100.0,True,,,0
508,financial_508,MILFAM II LP,3,63,97.10144927536233,95.65217391304348,100.0,True,,,0
509,financial_509,VERTICAL FUND I LP,2,2,97.2972972972973,97.2972972972973,97.2972972972973,True,,,0
510,financial_510,XMARK FUND LP,2,60,88.88888888888889,88.88888888888889,88.88888888888889,False,Similitud promedio baja: 88.9%,,1
511,financial_511,EASTON HUNT CAPITAL PARTNERS LP,2,40,95.0,95.0,95.0,True,,,0
512,financial_512,ESCALATE CAPITAL I LP A DELAWARE LTD PARTNERSHIP,2,36,90.0,90.0,90.0,True,,,0
513,financial_513,ESCALATE CAPITAL PARTNERS SBIC I LP,2,7,97.2222222222222,97.2222222222222,97.2222222222222,True,,,0
514,financial_514,ESCALATE CAPITAL MANAGMENT CO LLC GENERAL PARTNER,2,4,92.7906976744186,92.7906976744186,92.7906976744186,True,,,0
515,financial_515,GCG INVESTORS V LP,2,45,89.41176470588236,89.41176470588236,89.41176470588236,False,Similitud promedio baja: 89.4%,,1
516,financial_516,MMC GATX PARTNERSHIP NO I & TRANSAMERICA CREDIT CORP,8,94,93.07187222715173,88.16326530612244,100.0,True,,,0
517,financial_517,SHAWMUT CAPITAL CORP,2,35,100.0,100.0,100.0,True,,,0
518,financial_518,SHAWMUT BANK NA,4,24,95.0,90.0,100.0,True,,,0
519,financial_519,SHAWMUT BANK CONNECTICUT NA,3,8,100.0,100.0,100.0,True,,,0
520,financial_520,BURLINGTON INDUSTRIES INC,5,59,92.5,90.0,100.0,True,,,0
521,financial_521,CRESCENT AGENCY SERVICES LLC,2,17,90.0,90.0,90.0,True,,,0
522,financial_522,NOMURA CORPORATE FUNDING AMERICAS LLC,3,52,100.0,100.0,100.0,True,,,0
523,financial_523,HYUNDAI ELECTRONICS AMERICA A CA CORP,2,50,95.0,95.0,95.0,True,,,0
524,financial_524,LIFE SCIENCES OPPORTUNITIES FUND INSTITUTIONAL II LP,2,64,95.0,95.0,95.0,True,,,0
525,financial_525,QUALCOMM INC,2,34,90.0,90.0,90.0,True,,,0
526,financial_526,GCI CAPITAL MARKETS LLC,5,70,92.94117647058823,89.41176470588236,100.0,True,,,0
527,financial_527,SERMATECH INTERNATIONAL CANADA CORP,2,62,88.88888888888889,88.88888888888889,88.88888888888889,False,Similitud promedio baja: 88.9%,,1
528,financial_528,TANG CAPITAL PARTNERS LP,3,62,100.0,100.0,100.0,True,,,0
529,financial_529,BANC OF AMERICA SECURITIES LTD AS SECURITY AGENT,2,10,90.0,90.0,90.0,True,,,0
530,financial_530,COBANK ACB,4,34,100.0,100.0,100.0,True,,,0
531,financial_531,GOLD HILL VENTURE LENDING 03 LP,3,59,96.66666666666667,95.0,100.0,True,,,0
532,financial_532,GOLD HILL CAPITAL 2008 LP,2,9,100.0,100.0,100.0,True,,,0
533,financial_533,LEVINE LEICHTMAN CAPITAL PARTNERS II LP,5,42,95.33380232913876,90.9090909090909,100.0,True,,,0
534,financial_534,MOTOROLA INC,2,31,90.0,90.0,90.0,True,,,0
535,financial_535,ROS ACQUISITION OFFSHORE LP,2,48,100.0,100.0,100.0,True,,,0
536,financial_536,TECHNOLOGY INVESTMENT HOLDINGS LLC,2,17,95.77464788732397,95.77464788732397,95.77464788732397,True,,,0
537,financial_537,TECHNOLOGY FUNDING SECURED INVESTORS II,2,9,90.0,90.0,90.0,True,,,0
538,financial_538,TECHNOLOGY FUNDING PARTNERS III,3,8,91.91644562334216,88.44827586206895,95.38461538461536,True,,,0
539,financial_539,GLENN PAUL F,2,42,90.0,90.0,90.0,True,,,0
540,financial_540,IBJ SCHRODER BANK & TRUST CO,3,49,100.0,100.0,100.0,True,,,0
541,financial_541,IBJ SCHRODER BUSINESS CREDIT CORP,2,10,100.0,100.0,100.0,True,,,0
542,financial_542,IBJ WHITEHALL BANK & TRUST CO,3,5,100.0,100.0,100.0,True,,,0
543,financial_543,LC CAPITAL MASTER FUND LTD,3,32,100.0,100.0,100.0,True,,,0
544,financial_544,SIEMENS FINANCIAL SERVICES INC,2,7,100.0,100.0,100.0,True,,,0
545,financial_545,NORTHWESTERN MUTUAL LIFE INSURANCE CO,5,90,95.78947368421053,89.47368421052632,100.0,True,,,0
546,financial_546,VECTOR TRADING CAYMAN LP,2,6,100.0,100.0,100.0,True,,,0
547,financial_547,VICTORY PARK MANAGEMENT LLC,4,55,100.0,100.0,100.0,True,,,0
548,financial_548,BROADOAK FUND V LP,4,35,93.67939666238767,89.47368421052632,97.5609756097561,True,,,0
549,financial_549,COMMERCE BANK NA,2,29,100.0,100.0,100.0,True,,,0
550,financial_550,COMMERCE BANK & TRUST CO,2,8,100.0,100.0,100.0,True,,,0
551,financial_551,INTERNATIONAL BANK OF COMMERCE,2,5,90.9090909090909,90.9090909090909,90.9090909090909,True,,,0
552,financial_552,MWV PINNACLE CAPITAL FUND LP,2,43,96.42857142857144,96.42857142857144,96.42857142857144,True,,,0
553,financial_553,RBC BANK USA,2,12,100.0,100.0,100.0,True,,,0
554,financial_554,WINGSPIRE CAPITAL LLC,2,49,100.0,100.0,100.0,True,,,0
555,financial_555,CARLYLE RIVERSTONE GLOBAL ENERGY & POWER FUND I LP,3,45,100.0,100.0,100.0,True,,,0
556,financial_556,KNOBBE MARTENS OLSON & BEAR LLP,2,29,100.0,100.0,100.0,True,,,0
557,financial_557,LAW DEBENTURE TRUST CO OF NEW YORK,2,28,100.0,100.0,100.0,True,,,0
558,financial_558,PFC THEAPUTICS LLC,2,29,94.73684210526316,94.73684210526316,94.73684210526316,True,,,0
559,financial_559,ADAMS STREET CREDIT ADVISORS LP,3,52,100.0,100.0,100.0,True,,,0
560,financial_560,ADAMS CAPITAL MANAGEMENT III LP,2,5,98.36065573770492,98.36065573770492,98.36065573770492,True,,,0
561,financial_561,BALTIMORE FEDERAL FINANCIAL F SA,2,28,90.0,90.0,90.0,True,,,0
562,financial_562,BOATMEN S NATIONAL BANK OF ST LOUIS,4,37,97.5,95.0,100.0,True,,,0
563,financial_563,BRIGHTWOOD LOAN SERVICES LLC,3,39,100.0,100.0,100.0,True,,,0
564,financial_564,HOUSEHOLD COMMERCIAL FINANCIAL SERVICES INC,4,36,92.91666666666667,90.0,96.66666666666669,True,,,0
565,financial_565,SANDS BROTHERS VENTURE CAPITAL II LLC,4,104,96.41887662310198,95.0,98.66666666666669,True,,,0
566,financial_566,SPBC INC,3,31,90.0,90.0,90.0,True,,,0
567,financial_567,APPLIED MATERIALS INC,2,30,100.0,100.0,100.0,True,,,0
568,financial_568,CRANSHIRE CAPITAL LP,3,44,100.0,100.0,100.0,True,,,0
569,financial_569,DRUG ROYALTY LP1,3,38,91.85606060606061,90.9090909090909,93.75,True,,,0
570,financial_570,KELTIC FINANCIAL PARTNERS LP,2,26,95.0,95.0,95.0,True,,,0
571,financial_571,LLOYDS BANK PLC,3,35,90.0,90.0,90.0,True,,,0
572,financial_572,MEZZANINE OPPORTUNITIES LLC,2,30,100.0,100.0,100.0,True,,,0
573,financial_573,PFIZER INC,2,26,90.0,90.0,90.0,True,,,0
574,financial_574,EQUITABLE BANK NA,4,27,91.98924731182797,90.0,100.0,True,,,0
575,financial_575,IMAGE INVESTOR PORTFOLIO A SEPARATE SERIES OF MEMPHIS ANGELS LLC A DELAWARE LTD LIABILITY CO,2,36,99.4535519125683,99.4535519125683,99.4535519125683,True,,,0
576,financial_576,PROVIDENT NATIONAL BANK,2,12,90.0,90.0,90.0,True,,,0
577,financial_577,WESTINGHOUSE CREDIT CORP A CORP OF DE,4,29,91.94444444444446,90.0,95.83333333333334,True,,,0
578,financial_578,DORRANCE STREET CAPITAL ADVISORS LLC A DELAWARE LTD LIABILITY CO,2,28,100.0,100.0,100.0,True,,,0
579,financial_579,BAY CITY CAPITAL FUND IV LP,6,30,95.601238225595,90.0,100.0,True,,,0
580,financial_580,BAY CITY CAPITAL LLC,2,16,100.0,100.0,100.0,True,,,0
581,financial_581,FIDUS MEZZANINE CAPITAL LP,3,9,96.66666666666667,95.0,100.0,True,,,0
582,financial_582,GREYROCK BUSINESS CREDIT A DIVISION OF NATIONSCREDIT COMMERCIAL CORP,6,58,92.05371115582382,88.21428571428571,98.33333333333331,True,,,0
583,financial_583,GREYROCK CAPITAL A DIVISION OF BANC OF AMERICA,2,16,90.0,90.0,90.0,True,,,0
584,financial_584,MIZRAHI TEFAHOT TRUST COMPANYH LTD,2,26,90.32258064516128,90.32258064516128,90.32258064516128,True,,,0
585,financial_585,MIZRAHI TEFAHOT BANK LTD,2,16,100.0,100.0,100.0,True,,,0
586,financial_586,PONTIFAX MEDISON FINANCE CAYMAN LTD PARTNERSHIP,3,43,93.12056737588652,89.36170212765957,95.0,True,,,0
587,financial_587,SYNOPSYS TAIWAN CO LTD,2,22,100.0,100.0,100.0,True,,,0
588,financial_588,COLLABORATIVE GROUP LTD,2,31,100.0,100.0,100.0,True,,,0
589,financial_589,COLUMBIA PARTNERS LLC INVESTMENT MANAGEMENT & INVESTMENT MANAGER FOR THE BENEFIT OF ITSELF & NEIPF LP,2,28,90.0,90.0,90.0,True,,,0
590,financial_590,COMVEST CAPITAL III LP,2,3,97.67441860465117,97.67441860465117,97.67441860465117,True,,,0
591,financial_591,MI3 LP,2,21,100.0,100.0,100.0,True,,,0
592,financial_592,PAUL CAPITAL ROYALTY ACQUISITION FUND LP,7,70,90.96852300242132,88.47457627118645,98.30508474576273,True,,,0
593,financial_593,SENSORMATIC ELECTRONICS CORP,2,38,95.0,95.0,95.0,True,,,0
594,financial_594,SOCIT GNRALE A COLLATERAL AGENT,2,22,90.0,90.0,90.0,True,,,0
595,financial_595,AMERITRUST CO NA,3,22,90.0,90.0,90.0,True,,,0
596,financial_596,PRISM VENTURE PARTNERS IV LP,2,23,100.0,100.0,100.0,True,,,0
597,financial_597,SCALE VENTURE PARTNERS II LP,2,37,100.0,100.0,100.0,True,,,0
598,financial_598,VANTAGEPOINT VENTURE PARTNERS 1996 LP,8,99,93.66747090833101,88.1159420289855,100.0,True,,,0
599,financial_599,BIOGEN MA INC,2,8,95.0,95.0,95.0,True,,,0
600,financial_600,CALLIOPE CAPITAL CORP C O LAURUS CAPITAL MANAGEMENT LLC,2,20,90.0,90.0,90.0,True,,,0
601,financial_601,CENTERRE BANK NA,2,20,90.0,90.0,90.0,True,,,0
602,financial_602,COMDISCO INC,2,25,100.0,100.0,100.0,True,,,0
603,financial_603,COMDISCO VENTURES INC,2,10,100.0,100.0,100.0,True,,,0
604,financial_604,KOYAH LEVERAGE PARTNERS LP,3,23,93.33333333333333,90.0,100.0,True,,,0
605,financial_605,NXT CAPITAL LLC,5,37,92.0952380952381,90.0,100.0,True,,,0
606,financial_606,BANK SOUTH NA,3,25,90.0,90.0,90.0,True,,,0
607,financial_607,SOUTH SHORE BANK,2,2,90.0,90.0,90.0,True,,,0
608,financial_608,BHC INTERIM FUNDING II LP,2,22,98.0392156862745,98.0392156862745,98.0392156862745,True,,,0
609,financial_609,CAVALRY FUND I LP,2,18,100.0,100.0,100.0,True,,,0
610,financial_610,CONTRARIAN FINANCIAL SERVICE CO LLC,2,27,100.0,100.0,100.0,True,,,0
611,financial_611,FOCUS VENTURES II A LP,3,24,94.52380952380952,93.33333333333331,95.23809523809524,True,,,0
612,financial_612,NEVYAS EYE ASSOCIATES PC 401K PROFIT SHARING PLAN F B O ACCOUNT OF H NEVYAS,2,20,88.16326530612244,88.16326530612244,88.16326530612244,False,Similitud promedio baja: 88.2%,,1
613,financial_613,REDPOINT ASSOCIATES III LLC,2,23,96.15384615384616,96.15384615384616,96.15384615384616,True,,,0
614,financial_614,REDPOINT VENTURES III LP,2,23,95.65217391304348,95.65217391304348,95.65217391304348,True,,,0
615,financial_615,REDPOINT TECHNOLOGY PARTNERS A-1 LP,2,12,97.14285714285714,97.14285714285714,97.14285714285714,True,,,0
616,financial_616,APEX INVESTMENT FUND II LP,2,17,94.11764705882352,94.11764705882352,94.11764705882352,True,,,0
617,financial_617,CB CORPORATE FINANCE LLC,2,19,100.0,100.0,100.0,True,,,0
618,financial_618,HARBERT VENTURE PARTNERS II LP,3,18,92.32758620689656,89.65517241379311,95.0,True,,,0
619,financial_619,MMV FINANCE INC,2,20,100.0,100.0,100.0,True,,,0
620,financial_620,NORDEA BANK DANMARK A S AS FOREIGN COLLATERAL AGENT,2,3,90.0,90.0,90.0,True,,,0
621,financial_621,NORTH ATLANTIC VENTURE FUND V LP,2,3,95.0,95.0,95.0,True,,,0
622,financial_622,NORTH HAVEN CREDIT PARTNERS II LP,2,3,100.0,100.0,100.0,True,,,0
623,financial_623,NTI HOLDING AS,3,32,97.70114942528737,96.55172413793105,100.0,True,,,0
624,financial_624,NATIONAL SEMICONDUCTOR CORP,2,7,95.0,95.0,95.0,True,,,0
625,financial_625,VELOCITY FINANCIAL GROUP INC,2,17,90.0,90.0,90.0,True,,,0
626,financial_626,ANKURA TRUST CO LLC,3,25,93.33333333333333,90.0,100.0,True,,,0
627,financial_627,ASSET MANAGEMENT ASSOCIATES 1989 LP,2,3,100.0,100.0,100.0,True,,,0
628,financial_628,BANK OF SCOTLAND,3,26,96.66666666666667,95.0,100.0,True,,,0
629,financial_629,BFI BUSINESS FINANCE DBA CAPITALSOURCE BUSINESS FINANCE GROUP,3,22,90.0,90.0,90.0,True,,,0
630,financial_630,BRADLEY RESOURCES CO,4,47,92.5,90.0,100.0,True,,,0
631,financial_631,EMPIRE OF AMERICA FSA,2,30,100.0,100.0,100.0,True,,,0
632,financial_632,JACKSON NAT L LIFE INSURANCE CO,2,16,92.3076923076923,92.3076923076923,92.3076923076923,True,,,0
633,financial_633,LANZA TECHVENTURE AS COLLETERAL AGENT,2,29,92.95774647887325,92.95774647887325,92.95774647887325,True,,,0
634,financial_634,LB I GROUP INC,2,18,92.85714285714286,92.85714285714286,92.85714285714286,True,,,0
635,financial_635,MNC CREDIT CORP 502 WASHINGTONAVE STE 700 TOWSON MD,3,24,93.33333333333333,90.0,100.0,True,,,0
636,financial_636,PARAMOUNT CAPITAL INC,2,16,97.67441860465117,97.67441860465117,97.67441860465117,True,,,0
637,financial_637,THOMAS WEISEL CAPITAL PARTNERS DUTCH II LP,5,15,94.35449735449735,90.47619047619048,96.2962962962963,True,,,0
638,financial_638,CANAAN EQUITY II LP,2,14,95.0,95.0,95.0,True,,,0
639,financial_639,DOW CHEMICAL CO,3,27,100.0,100.0,100.0,True,,,0
640,financial_640,DRESDNER BANK AG NEW YORK & GRAND CAYMAN BRANCHES,2,13,100.0,100.0,100.0,True,,,0
641,financial_641,DRESDNER BANK AG NIEDERLASSUNG LUXEMBURG AS SECURITY TRUSTEE,2,4,90.0,90.0,90.0,True,,,0
642,financial_642,MACQUIRE CAPITAL FUNDING LLC,2,23,100.0,100.0,100.0,True,,,0
643,financial_643,MICROSOFT CORP,2,15,90.0,90.0,90.0,True,,,0
644,financial_644,MIZUHO CORPORATE BANK LTD,2,21,90.0,90.0,90.0,True,,,0
645,financial_645,FROST NATIONAL BANK,5,21,91.45833333333333,90.0,100.0,True,,,0
646,financial_646,PRUDENTIAL INSURANCE CO OF AMERICA,6,42,100.0,100.0,100.0,True,,,0
647,financial_647,3I LP,2,21,100.0,100.0,100.0,True,,,0
648,financial_648,ALLSTATE INSURANCE CO,3,18,92.5,90.0,95.0,True,,,0
649,financial_649,ENERTECH CAPITAL PARTNERS II LP,2,22,100.0,100.0,100.0,True,,,0
650,financial_650,GILO VENTURES IL LP,2,21,94.73684210526316,94.73684210526316,94.73684210526316,True,,,0
651,financial_651,SEQUEL EURO LTD PARTNERSHIP,3,28,92.58830636787555,88.93617021276596,97.95918367346938,True,,,0
652,financial_652,SIEVERS GEORGE R AS INDIVIDUAL TRUSTEE,4,37,92.64840182648402,90.0,100.0,True,,,0
653,financial_653,AMB GROUP LLC,2,13,100.0,100.0,100.0,True,,,0
654,financial_654,AYER CAPITAL PARTNERS KESTREL FUND LP,2,24,90.4109589041096,90.4109589041096,90.4109589041096,True,,,0
655,financial_655,COMMERZBANK AG FILIALE LUXEMBURG,5,16,90.57142857142857,90.0,94.0,True,,,0
656,financial_656,DFJ ELEMENT LP,3,21,93.33333333333333,90.0,100.0,True,,,0
657,financial_657,EASTWARD FUND MANAGEMENT LLC,2,19,95.0,95.0,95.0,True,,,0
658,financial_658,ESSEX P B & R CORP,2,17,100.0,100.0,100.0,True,,,0
659,financial_659,KENNEDY LEWIS INVESTMENT MANAGEMENT LLC,2,21,100.0,100.0,100.0,True,,,0
660,financial_660,KINGSBURY CAPITAL PARTNERS LP III,3,26,95.1555275325767,95.0,95.38461538461536,True,,,0
661,financial_661,MPM ASSET MANAGEMENT INVESTORS 2002 BVIII LLC,3,22,92.05795496493171,90.47619047619048,95.0,True,,,0
662,financial_662,MPM BIOVENTURES III PARALLEL FUND LP,2,21,95.0,95.0,95.0,True,,,0
663,financial_663,MPM BIOVENTURES III LP,4,26,94.19877542337059,91.30434782608695,97.95918367346938,True,,,0
664,financial_664,OLD KENT BANK-ILLINOIS,2,10,90.0,90.0,90.0,True,,,0
665,financial_665,OROS MARIA,2,24,90.0,90.0,90.0,True,,,0
666,financial_666,PEQUOT PRIVATE EQUITY FUND II LP,3,14,97.97956603926754,96.96969696969695,98.50746268656717,True,,,0
667,financial_667,PLENUS II D C M,6,27,93.56410779513651,88.13559322033898,98.41269841269842,True,,,0
668,financial_668,PROSPECT CAPITAL CORP,3,15,93.33333333333333,90.0,100.0,True,,,0
669,financial_669,STANCHART BUSINESS CREDIT,4,26,91.66666666666667,90.0,95.0,True,,,0
670,financial_670,UPS CAPITAL CORP,2,16,100.0,100.0,100.0,True,,,0
671,financial_671,CALIFORNIA FEDERAL SAVINGS & LOANASSOCIATION,2,9,100.0,100.0,100.0,True,,,0
672,financial_672,INTERSOUTH PARTNERS VI LP,3,19,93.10124049619847,88.16326530612244,98.0392156862745,True,,,0
673,financial_673,MITSUI & CO LTD,2,12,90.0,90.0,90.0,True,,,0
674,financial_674,MITSUI & CO USA INC,4,4,94.0,90.0,100.0,True,,,0
675,financial_675,NBSC A DIVISION OF SYNOVUS BANK,2,21,96.7741935483871,96.7741935483871,96.7741935483871,True,,US BANK,0
676,financial_676,AMSOUTH BANK OF ALABAMA,4,26,92.0,90.0,100.0,True,,,0
677,financial_677,CAPITALSOUTH PARTNERS SBIC FUND III LP,3,23,93.0817610062893,89.62264150943396,100.0,True,,,0
678,financial_678,KING GEORGE HOLDINGS LUXEMBOURG IIA SA R L,2,12,100.0,100.0,100.0,True,,,0
679,financial_679,KING MATTHEW A,2,4,90.0,90.0,90.0,True,,,0
680,financial_680,MARANON CAPITAL LP,4,21,100.0,100.0,100.0,True,,,0
681,financial_681,MAXIM INTEGRATED PRODUCTS INC,2,11,95.0,95.0,95.0,True,,,0
682,financial_682,NATWEST USA CREDIT CORP,3,14,93.33333333333333,90.0,100.0,True,,,0
683,financial_683,PRESENCIA EN MEDIOS SA DE C V,2,20,100.0,100.0,100.0,True,,,0
684,financial_684,ROYNAT BUSINESS CAPITAL INC,4,22,95.0,90.0,100.0,True,,,0
685,financial_685,SEKISUI DIAGNOSTICS LLC,2,20,100.0,100.0,100.0,True,,,0
686,financial_686,SMITHKLINE BEECHAM CORP D B A GLAXOSMITHKLINE,2,17,90.0,90.0,90.0,True,,,0
687,financial_687,SOROS CAPITAL LP,2,12,90.0,90.0,90.0,True,,,0
688,financial_688,XEROX CORP,2,11,90.0,90.0,90.0,True,,,0
689,financial_689,AMGEN INC,2,10,100.0,100.0,100.0,True,,,0
690,financial_690,APOGEM CAPITAL LLC,2,10,90.0,90.0,90.0,True,,,0
691,financial_691,ATLAS VENTURE ENTREPRENEURS FUND V LP,2,9,100.0,100.0,100.0,True,,,0
692,financial_692,ATLAS VENTURE PARALLEL FUND V-B C V,4,18,96.66666666666667,94.28571428571428,100.0,True,,,0
693,financial_693,AVENUE VENTURE OPPORTUNITIES FUND LP,3,16,97.33333333333333,96.0,100.0,True,,,0
694,financial_694,BURRILL LIFE SCIENCES CAPITAL FUND III LP,3,17,93.37606837606837,90.12820512820512,95.0,True,,,0
695,financial_695,CAMOFI MASTER LDC,2,13,100.0,100.0,100.0,True,,,0
696,financial_696,IGM BISOSCIENCES INC,2,14,97.43589743589745,97.43589743589745,97.43589743589745,True,,,0
697,financial_697,INSTITUTIONAL VENTURE MANAGEMENT VII LP,3,12,96.39543475159913,94.5945945945946,98.7012987012987,True,,,0
698,financial_698,INSTITUTIONAL VENTURE PARTNERS VII LP,2,11,98.63013698630137,98.63013698630137,98.63013698630137,True,,,0
699,financial_699,MARYLAND NATIONAL INDUSTRIAL FINANCE CORP,2,10,95.0,95.0,95.0,True,,,0
700,financial_700,NATIONSCREDIT COMMERCIAL CORP,4,17,95.77586206896552,90.0,100.0,True,,,0
701,financial_701,POLARIS INDUSTRIES INC,2,10,100.0,100.0,100.0,True,,,0
702,financial_702,SCHRODER VENTURES INTERNATIONAL LIFE SCIENCES FUND II GROUP CO-INVESTMENT SCHEME,5,45,93.77884104199893,91.54545454545452,98.24561403508773,True,,,0
703,financial_703,SEALED AIR CORP US,2,11,95.0,95.0,95.0,True,,,0
704,financial_704,SIRROM CAPITAL CORP,2,10,88.88888888888889,88.88888888888889,88.88888888888889,False,Similitud promedio baja: 88.9%,,1
705,financial_705,SYMBOL TECHNOLOGIES INC,2,16,95.0,95.0,95.0,True,,,0
706,financial_706,TEACHER S RETIREMENT SYSTEMS OF ALABAMA,2,17,98.7012987012987,98.7012987012987,98.7012987012987,True,,,0
707,financial_707,MICHAEL S EGAN GANTOR RETAINED ANNUITY TRUST,2,2,98.87640449438202,98.87640449438202,98.87640449438202,True,,,0
708,financial_708,AZURE VENTURE PARTNERS I LP,4,16,97.5,95.0,100.0,True,,,0
709,financial_709,BAYERISCHE VEREINSBANK AG,2,9,95.0,95.0,95.0,True,,,0
710,financial_710,CHILTON INTERNATIONAL LP,2,16,95.0,95.0,95.0,True,,,0
711,financial_711,CHILTON INVESTMENT PARTNERS LP,2,16,95.23809523809524,95.23809523809524,95.23809523809524,True,,,0
712,financial_712,CROSSHILL GEORGETOWN CAPITAL LP,2,14,95.0,95.0,95.0,True,,,0
713,financial_713,DRAPER FISHER JURVETSON GOTHAM INVESTMENT LLC,2,2,98.9010989010989,98.9010989010989,98.9010989010989,True,,,0
714,financial_714,DRAPER FISHER JURVETSON GOTHAM VENTURE FUND LP,2,2,100.0,100.0,100.0,True,,,0
715,financial_715,JSP SPECIALTY FOAMS LLC,2,9,97.87234042553192,97.87234042553192,97.87234042553192,True,,,0
716,financial_716,L1 CAPITAL GLOBAL OPPORTUNITIES MASTER FUND LTD,2,11,100.0,100.0,100.0,True,,,0
717,financial_717,MAYFIELD ASSOCIATES FUND VI A DELAWARE LTD PARTNERSHIP,12,47,91.14197217860205,88.04878048780488,96.2962962962963,True,,,0
718,financial_718,MAYFIELD PRINCIPALS FUND II A DELAWARE LTD LIABILITY CO,2,11,90.0,90.0,90.0,True,,,0
719,financial_719,NEXBANK SSB,3,18,93.33333333333333,90.0,100.0,True,,,0
720,financial_720,PERPETUAL SAVINGS BANK F S B,5,20,92.5,90.0,100.0,True,,,0
721,financial_721,PHILADELPHIA NATIONAL BANK,3,14,93.33333333333333,90.0,100.0,True,,,0
722,financial_722,PHOENIX VENTURE FUND LLC,2,12,100.0,100.0,100.0,True,,,0
723,financial_723,PLIANT SOLUTIONS CORP,2,9,97.5609756097561,97.5609756097561,97.5609756097561,True,,,0
724,financial_724,SEQUOIA CAPITAL IX,2,16,90.0,90.0,90.0,True,,,0
725,financial_725,SPRING CAPITAL PARTNERS LP,2,11,95.0,95.0,95.0,True,,,0
726,financial_726,STONESTREET LP,2,10,100.0,100.0,100.0,True,,,0
727,financial_727,VALLEY VENTURES III LP,2,10,95.0,95.0,95.0,True,,,0
728,financial_728,WK GLOBAL INVESTMENT II LTD,3,24,96.06060606060606,95.0,98.1818181818182,True,,,0
729,financial_729,WK TECHNOLOGY FUND,6,48,95.23069907131166,90.9090909090909,97.77777777777776,True,,,0
730,financial_730,DRAFT CO H WILLIAM LURTON ALLBROOK & CO,2,8,90.0,90.0,90.0,True,,,0
731,financial_731,HAMBRO INTERNATIONAL VENTURE FUND II,2,13,95.0,95.0,95.0,True,,,0
732,financial_732,KLINE HAWKES PACIFIC LP,2,2,95.0,95.0,95.0,True,,,0
733,financial_733,MENLO VENTURES VII LP,3,17,93.61117863670331,90.47619047619048,97.67441860465117,True,,,0
734,financial_734,MENLO ENTREPRENEURS FUND IX A LP,3,16,93.64919354838712,90.625,96.7741935483871,True,,,0
735,financial_735,MERCHANTS NATIONAL BANK & TRUST CO OF INDIANAPOLIS,2,11,100.0,100.0,100.0,True,,,0
736,financial_736,MERCHANTS BANK THE A CORP OF MISSOURI,2,4,90.0,90.0,90.0,True,,,0
737,financial_737,NCR CORP A CORP OF MD,2,12,90.0,90.0,90.0,True,,,0
738,financial_738,PARIBAS,2,8,90.0,90.0,90.0,True,,,0
739,financial_739,PENNANTPARK LOANAGENCY SERVICING LLC,2,11,100.0,100.0,100.0,True,,,0
740,financial_740,PRUDENT CAPITAL I LP,2,14,97.5609756097561,97.5609756097561,97.5609756097561,True,,,0
741,financial_741,PRUDENT BEAR FUND INC,2,4,100.0,100.0,100.0,True,,,0
742,financial_742,RESERVOIR CAPITAL PARTNERS LP,3,9,100.0,100.0,100.0,True,,,0
743,financial_743,SPROUT CAPITAL IX LP,3,9,92.5,90.0,95.0,True,,,0
744,financial_744,WEISS PECK & GREER VENTURE ASSOCIATES IV CAYMAN LP,2,14,90.47619047619048,90.47619047619048,90.47619047619048,True,,,0
745,financial_745,WF FUND V LTD PARTNERSHIP C O B AS WELLINGTON FINANCIAL LP & WELLINGTON FINANCIAL FUND V,3,9,92.77777777777777,90.0,95.55555555555556,True,,,0
746,financial_746,3M INNOVATIVE PROPERTIES CO,2,7,98.1818181818182,98.1818181818182,98.1818181818182,True,,,0
747,financial_747,ASSOCIATED BANK,3,12,91.66666666666667,90.0,95.0,True,,,0
748,financial_748,ASYST TECHNOLOGIES INC,2,7,97.67441860465117,97.67441860465117,97.67441860465117,True,,,0
749,financial_749,BFM AEROSPACE CORP,2,7,97.14285714285714,97.14285714285714,97.14285714285714,True,,,0
750,financial_750,BFM ACQUISITION CORP,3,7,93.71794871794873,90.0,97.43589743589745,True,,,0
751,financial_751,COLORADO NATIONAL BANK OF DENVER,2,7,90.0,90.0,90.0,True,,,0
752,financial_752,DB TRUSTEES HONG KONG LTD,2,10,100.0,100.0,100.0,True,,,0
753,financial_753,EMERGING ALLIANCE FUND LP,2,9,100.0,100.0,100.0,True,,,0
754,financial_754,ENIGMA INFORMATION SYSTEMS LTD,2,9,100.0,100.0,100.0,True,,,0
755,financial_755,GOULD INC 35129 CURTIS BLVD EAST LAKE OH 44095 A CORP OF DE,3,10,90.0,90.0,90.0,True,,,0
756,financial_756,HAMBRECHT & QUIST TRANSITION CAPITAL LLC,2,5,97.5,97.5,97.5,True,,,0
757,financial_757,INVESTORS PARTNER LIFE INSURANCE CO A CORP OF DELAWARE,3,16,90.76190476190476,90.0,92.28571428571428,True,,,0
758,financial_758,KAYNE SENIOR CREDIT III LOANCO LLC,2,7,100.0,100.0,100.0,True,,,0
759,financial_759,NCNB TEXAS NATIONAL BANK,2,2,95.0,95.0,95.0,True,,,0
760,financial_760,R & W VENTURES I A CA LTD PARTNERSHIP,2,12,98.66666666666669,98.66666666666669,98.66666666666669,True,,,0
761,financial_761,ROCKWELL SCIENTIFIC CO LLC,2,12,89.18367346938776,89.18367346938776,89.18367346938776,False,Similitud promedio baja: 89.2%,,1
762,financial_762,SCHWEGMAN LUNDBERG & WOESSNER P A,2,7,100.0,100.0,100.0,True,,,0
763,financial_763,TECHFARM VENTURES LP,4,14,95.11904761904762,90.0,100.0,True,,,0
764,financial_764,WILSON ROBERT F WITH SECURITIES INC AS SEP IRA CUSTODIAN,2,6,91.48148148148148,91.48148148148148,91.48148148148148,True,,,0
765,financial_765,WINDWARD VENTURES 2000 LP,3,15,95.3846153846154,95.0,96.15384615384616,True,,,0
766,financial_766,BANCOHIO NATIONAL BANK,2,7,90.0,90.0,90.0,True,,,0
767,financial_767,BANYAN MEZZANINE FUND LP,2,7,95.0,95.0,95.0,True,,,0
768,financial_768,CHARTER VENTURES IV LP,2,3,95.0,95.0,95.0,True,,,0
769,financial_769,DLJ CAPITAL FUNDING INC,3,10,100.0,100.0,100.0,True,,,0
770,financial_770,ENTERPRISE PARTNERS VI LP,5,13,94.96313986587543,88.93617021276596,100.0,True,,,0
771,financial_771,ETV CAPITAL SA,3,11,100.0,100.0,100.0,True,,,0
772,financial_772,GOOGLE INC,3,8,93.33333333333333,90.0,100.0,True,,,0
773,financial_773,JEFFRIES FINANCE LLC,2,7,100.0,100.0,100.0,True,,,0
774,financial_774,KELLER MICHAEL,2,9,95.0,95.0,95.0,True,,,0
775,financial_775,LITTON INDUSTRIAL PRODUCTS INC A DE CORP,2,6,95.0,95.0,95.0,True,,,0
776,financial_776,MATRIX VI PARALLEL PARTNERSHIP-A LP,2,10,97.14285714285714,97.14285714285714,97.14285714285714,True,,,0
777,financial_777,PONTICAS GEORGE,2,9,95.0,95.0,95.0,True,,,0
778,financial_778,POURING ANDREW,2,9,95.0,95.0,95.0,True,,,0
779,financial_779,PPG INDUSTRIES INC,2,7,95.0,95.0,95.0,True,,,0
780,financial_780,VILLAGE VENTURES PARTNERS FUND LP,3,10,97.04397874226481,95.52238805970148,98.55072463768116,True,,,0
781,financial_781,ADVENT PARTNERS DMC II LTD PARTNERSHIP,2,2,98.7012987012987,98.7012987012987,98.7012987012987,True,,,0
782,financial_782,AMEGY BANK NA,2,5,90.0,90.0,90.0,True,,,0
783,financial_783,BRENTWOOD ASSOCIATES IX LP,2,5,88.0,88.0,88.0,False,Similitud promedio baja: 88.0%,,1
784,financial_784,CRATOS CAPITAL MANAGEMENT LLC,2,6,100.0,100.0,100.0,True,,,0
785,financial_785,CYPRESS SEMICONDUCTOR CORP BELGIUM BVBA,3,6,90.95238095238096,90.0,92.85714285714286,True,,,0
786,financial_786,DAVIDSON MARC S,2,5,100.0,100.0,100.0,True,,,0
787,financial_787,DOMINION CAPITAL LLC,3,4,93.33333333333333,90.0,100.0,True,,,0
788,financial_788,ELLIS MICHAEL A,2,5,100.0,100.0,100.0,True,,,0
789,financial_789,EMULEX CORPORATE SERVICES CORP,2,5,90.0,90.0,90.0,True,,,0
790,financial_790,HARVEY JIMMIE H,2,6,100.0,100.0,100.0,True,,,0
791,financial_791,HEALTHCAP IV BIS LP,2,8,95.0,95.0,95.0,True,,,0
792,financial_792,HIGHPOINT CAPITAL FUNDING LLC,2,5,100.0,100.0,100.0,True,,,0
793,financial_793,LUCENT TECHNOLOGIES,2,5,95.0,95.0,95.0,True,,,0
794,financial_794,LUCENT VENTURE PARTNERS I LLC,2,5,96.66666666666669,96.66666666666669,96.66666666666669,True,,,0
795,financial_795,MAHONEY JAMES J JR,2,5,100.0,100.0,100.0,True,,,0
796,financial_796,MANUFACTURRS HANOVER TRUST CO,2,6,100.0,100.0,100.0,True,,,0
797,financial_797,PENINSULA FUND III LTD PARTNERSHIP,2,8,93.93939393939394,93.93939393939394,93.93939393939394,True,,,0
798,financial_798,PEREGRINE VENTURES,2,8,95.0,95.0,95.0,True,,,0
799,financial_799,PHARMABIO DEVELOPMENT INC,2,7,100.0,100.0,100.0,True,,,0
800,financial_800,RUSTIC CANYON VENTURES LP,3,6,93.84180790960453,91.52542372881356,95.0,True,,,0
801,financial_801,SELBY VENTURE PARTNERS II LP,2,6,98.24561403508773,98.24561403508773,98.24561403508773,True,,,0
802,financial_802,SIMON GROSSER NOMINEES PTY LTD,2,7,100.0,100.0,100.0,True,,,0
803,financial_803,TECHXAS FUND IIA LP,2,8,94.73684210526316,94.73684210526316,94.73684210526316,True,,,0
804,financial_804,TRINITY VENTURES II LP,4,4,90.62962962962963,88.0,97.77777777777776,True,,,0
805,financial_805,TRIPP STEVEN FRANCIS,2,4,95.0,95.0,95.0,True,,,0
806,financial_806,VYATEK SPORTS INC,2,5,100.0,100.0,100.0,True,,,0
807,financial_807,WESTAR CAPITAL,2,7,90.0,90.0,90.0,True,,,0
808,financial_808,ANCHOR BANK NA,2,2,100.0,100.0,100.0,True,,,0
809,financial_809,CAISSON BREAKWATER FUND LP,2,6,94.33962264150944,94.33962264150944,94.33962264150944,True,,,0
810,financial_810,CONCERT DEBT LLC,2,4,93.75,93.75,93.75,True,,,0
811,financial_811,DOMAIN PARTNERS VI LP,2,4,97.5609756097561,97.5609756097561,97.5609756097561,True,,,0
812,financial_812,GAMMA OPPORTUNITY CAPITAL PARTNERS LP CLASS C,2,6,96.7032967032967,96.7032967032967,96.7032967032967,True,,,0
813,financial_813,GREATER BAY VENTURE BANKING A DIVISION OF GREATER BAY BANK NA,2,4,100.0,100.0,100.0,True,,,0
814,financial_814,HARRY SAUER - JUDY SAUER JT TEN,2,4,96.66666666666669,96.66666666666669,96.66666666666669,True,,,0
815,financial_815,INTERFIRST BANK DALLAS NA,2,4,90.0,90.0,90.0,True,,,0
816,financial_816,JEFFREY & MARGARET GENERATION TRUST F B O BENJAMIN PADNOS,4,12,91.1809513800664,90.09009009009009,92.72727272727272,True,,,0
817,financial_817,KT VENTURE GROUP LLC,2,4,100.0,100.0,100.0,True,,,0
818,financial_818,MERCANTILE BANK OF ST LOUIS NA,2,4,100.0,100.0,100.0,True,,,0
819,financial_819,NBT BANK NA,2,5,100.0,100.0,100.0,True,,,0
820,financial_820,PREMIER LASER SYSTEMS INC SECURED PARTY,2,4,90.0,90.0,90.0,True,,,0
821,financial_821,RHODE ISLAND DEVELOPMENT CORP,2,5,95.0,95.0,95.0,True,,,0
822,financial_822,SASSY INC,2,5,100.0,100.0,100.0,True,,,0
823,financial_823,SW PELHAM FUND II LP,2,6,95.0,95.0,95.0,True,,,0
824,financial_824,HILLSTREET FUND II LP,2,4,95.0,95.0,95.0,True,,,0
825,financial_825,TWP CEO FOUNDERS CIRCLE AI LP,2,6,93.10344827586206,93.10344827586206,93.10344827586206,True,,,0
826,financial_826,UNIBANK PLC,2,4,90.0,90.0,90.0,True,,,0
827,financial_827,US SURGICAL CORP A NY CORP,2,4,90.0,90.0,90.0,True,,,0
828,financial_828,VENTURES WEST 7 LTD PARTNERSHIP,2,6,95.38461538461536,95.38461538461536,95.38461538461536,True,,,0
829,financial_829,WESTFORD SPECIAL SITUATIONS FUND II LP,4,11,94.57391923145349,91.0958904109589,100.0,True,,,0
830,financial_830,WOODSIDE CAPITAL PARTNERS IV LLC,2,6,100.0,100.0,100.0,True,,,0
831,financial_831,WOODSIDE FUND V LP,2,3,100.0,100.0,100.0,True,,,0
832,financial_832,AGCOUNTRY FARM CREDIT SERVICES FLCA,2,4,95.65217391304348,95.65217391304348,95.65217391304348,True,,,0
833,financial_833,AMERIMARK LTD,2,4,100.0,100.0,100.0,True,,,0
834,financial_834,MIDWEST COMMERCE BANKING CO,3,4,91.66666666666667,90.0,95.0,True,,,0
835,financial_835,CHANCELLOR V LP,2,4,93.75,93.75,93.75,True,,,0
836,financial_836,CITIZEN S BANK OF RHODE ISLAND RHODE ISLAND ECONOMIC DEVELOPMENT CORP,2,3,90.0,90.0,90.0,True,,CITI,0
837,financial_837,DENMERCO INC,2,4,100.0,100.0,100.0,True,,,0
838,financial_838,DEPOSIT GUARANTY NATIONAL,2,3,95.0,95.0,95.0,True,,,0
839,financial_839,FINANCETECH INC A CORP OF DE,2,3,90.0,90.0,90.0,True,,,0
840,financial_840,FMC CORP,2,3,90.0,90.0,90.0,True,,,0
841,financial_841,FNB FINANCIAL CO,2,3,90.0,90.0,90.0,True,,,0
842,financial_842,GEMINI ISRAEL III OVERFLOW FUND LP,2,2,100.0,100.0,100.0,True,,,0
843,financial_843,GLENVIEW CAPITAL MASTER FUND LTD,2,2,100.0,100.0,100.0,True,,,0
844,financial_844,HAMMER ROBERT,2,4,95.0,95.0,95.0,True,,,0
845,financial_845,HAWKEYE INVESTMENTS II LLC,2,4,95.0,95.0,95.0,True,,,0
846,financial_846,HONEYWELL INC,2,4,90.0,90.0,90.0,True,,,0
847,financial_847,INVESTMENT ENTERPRISE,2,4,90.0,90.0,90.0,True,,,0
848,financial_848,IVAX CORPORATIONA CORP OF FL,2,3,90.0,90.0,90.0,True,,,0
849,financial_849,KETTLE HILL PARTNERS II LP,2,4,95.0,95.0,95.0,True,,,0
850,financial_850,MARONE GEORGE J,2,3,95.0,95.0,95.0,True,,,0
851,financial_851,MIDDLEFIELD VENTURES INC,2,4,100.0,100.0,100.0,True,,,0
852,financial_852,NEUMAN JEFFREY L OF THE TUDOR TRUST,3,6,92.5,90.0,95.0,True,,,0
853,financial_853,NEWBURY VENTURES CAYMAN III LP,4,8,92.7906976744186,88.3720930232558,95.0,True,,,0
854,financial_854,NGEN II LP,2,3,95.23809523809524,95.23809523809524,95.23809523809524,True,,,0
855,financial_855,ONEWEST BANK FSB,2,3,100.0,100.0,100.0,True,,,0
856,financial_856,PHARMACIA & UPJOHN INC,2,3,93.02325581395348,93.02325581395348,93.02325581395348,True,,,0
857,financial_857,PITANGO VENTURE CAPITAL FUND III ISRAELI INVESTORS LP,4,6,93.94594594594594,89.86486486486486,100.0,True,,,0
858,financial_858,RECYCLING SCIENCES INTERNATIONAL INC,2,3,95.0,95.0,95.0,True,,,0
859,financial_859,RRE VENTURES III LP,2,4,95.0,95.0,95.0,True,,,0
860,financial_860,SAUDI INTERNATIONAL BANK AL-BANK AL-SAUDI AL-ALAMI LTD,2,3,90.0,90.0,90.0,True,,,0
861,financial_861,SCHWARZ RICHARD T,2,3,100.0,100.0,100.0,True,,,0
862,financial_862,SEACOAST CAPITAL PARTNERS LTD,4,5,92.98432214415821,88.52459016393442,98.41269841269842,True,,,0
863,financial_863,SI VENTURE FUND II LP,2,3,100.0,100.0,100.0,True,,,0
864,financial_864,SOLA LTD,2,2,90.0,90.0,90.0,True,,,0
865,financial_865,STARR BRYAN B JR,3,6,95.83333333333333,93.75,100.0,True,,,0
866,financial_866,STELLUS CAPITAL INVESTMENT CORP,2,3,100.0,100.0,100.0,True,,,0
867,financial_867,TWIFORD DAVID A,2,4,95.0,95.0,95.0,True,,,0
868,financial_868,US BANK OF WASHINGTON NA,2,3,100.0,100.0,100.0,True,,US BANK,0
869,financial_869,VENCORE SOLUTIONS,3,4,93.33333333333333,90.0,100.0,True,,,0
870,financial_870,VIDAS ARRETT & STEINKRAUS P A,2,3,98.30508474576273,98.30508474576273,98.30508474576273,True,,,0
871,financial_871,ARNEBECK WILLIAM TRUSTEES,2,2,97.95918367346938,97.95918367346938,97.95918367346938,True,,,0
872,financial_872,BOT FINANCIAL CORP,2,2,100.0,100.0,100.0,True,,,0
873,financial_873,C3 CAPITAL PARTNERS II LP,2,2,95.0,95.0,95.0,True,,,0
874,financial_874,CHEMICALS & MATERIALS ENTERPRISE ASSOCIATES LTD PARTNERSHIP,2,2,100.0,100.0,100.0,True,,,0
875,financial_875,CNET NETWORK INC,2,2,96.96969696969695,96.96969696969695,96.96969696969695,True,,,0
876,financial_876,COMERCIA BANK-CALIFORNIA,3,3,93.33333333333333,90.0,100.0,True,,,0
877,financial_877,COMMUNITY BANK,2,2,90.0,90.0,90.0,True,,,0
878,financial_878,COMPARATO CHARLES J & DIANA L,2,2,90.0,90.0,90.0,True,,,0
879,financial_879,DDLCOL LLC,2,2,100.0,100.0,100.0,True,,,0
880,financial_880,ELEMENT PARTNERS II INTRAFUND LP,2,2,95.0,95.0,95.0,True,,,0
881,financial_881,FARSON JEFFERY,2,2,90.0,90.0,90.0,True,,,0
882,financial_882,FORMULA VENTURES II A1 LP,2,2,95.0,95.0,95.0,True,,,0
883,financial_883,GORTRAGH DEVELOPMENT LTD,2,2,100.0,100.0,100.0,True,,,0
884,financial_884,HILAL CAPITAL QP LP,2,2,95.0,95.0,95.0,True,,,0
885,financial_885,JERUSALEM VENTURE PARTNERS IV ISRAEL LP,3,3,94.12688529126886,90.4109589041096,96.96969696969695,True,,,0
886,financial_886,KLEINER PERKINS CAUFIELD & BYERS V LP,2,2,98.66666666666669,98.66666666666669,98.66666666666669,True,,,0
887,financial_887,LEXVALL,2,2,95.0,95.0,95.0,True,,,0
888,financial_888,LOTUS DEVELOPMENT CORP 55 CAMBRIDGE PARKWAY CAMBRIDGE MASSACHUSETTS 02142,2,2,100.0,100.0,100.0,True,,,0
889,financial_889,MESIROW CAPITAL PARTNERS II MCPII,3,3,94.05822935234698,91.17647058823528,97.05882352941175,True,,,0
890,financial_890,MOBIUS TECHNOLOGY VENTURES ADVISORS FUND VI LP,3,3,92.9957805907173,88.9873417721519,95.0,True,,,0
891,financial_891,OAKES FITZWILLIAMS & CO LTD,2,2,90.0,90.0,90.0,True,,,0
892,financial_892,SHREM FUDIM KELNER - TRUST CO LTD,2,2,96.875,96.875,96.875,True,,,0
893,financial_893,SIERRA VENTURES ASSOCIATES VII LLC AS NOMINEE FOR ITS MEMBERS,2,2,99.1869918699187,99.1869918699187,99.1869918699187,True,,,0
894,financial_894,SIERRA VENTURES VII LP,3,3,94.41134751773052,93.61702127659576,96.0,True,,,0
895,financial_895,SIGNATURE 5 LP C O JOHN HANCOCK LIFE INSURANCE CO,2,2,97.95918367346938,97.95918367346938,97.95918367346938,True,,,0
896,financial_896,SOUTHERN CALIFORNIA,2,2,90.0,90.0,90.0,True,,,0
