original_name,frequency,normalized_name,blocking_key
DELL PRODUCTS L.P.,55314,DELL PRODUCTS LP,DELL
WYSE TECHNOLOGY L.L.C.,51331,WYSE TECHNOLOGY LLC,WYSE
"MICRON TECHNOLOGY, INC.",48411,MICRON TECHNOLOGY INC,MICRON
DELL MARKETING L.P.,47600,DELL MARKETING LP,DELL
DELL USA L.P.,47600,DELL USA LP,DELL
"FORCE10 NETWORKS, INC.",47600,FORCE10 NETWORKS INC,FORCE10
EMC IP HOLDING COMPANY LLC,46448,EMC IP HOLDING CO LLC,EMC
EMC CORPORATION,45477,EMC CORP,EMC
"GM GLOBAL TECHNOLOGY OPERATIONS, INC.",42214,GM GLOBAL TECHNOLOGY OPERATIONS INC,GM
DELL INTERNATIONAL L.L.C.,39183,DELL INTERNATIONAL LLC,DELL
"CREDANT TECHNOLOGIES, INC.",36247,CREDANT TECHNOLOGIES INC,CREDANT
EASTMAN KODAK COMPANY,32355,EASTMAN KODAK CO,EASTMAN
XEROX CORPORATION,31114,XEROX CORP,XEROX
DELL SOFTWARE INC.,25806,DELL SOFTWARE INC,DELL
"ASAP SOFTWARE EXPRESS, INC.",25226,ASAP SOFTWARE EXPRESS INC,ASAP
"PAKON, INC.",24477,PAKON INC,PAKON
"FREESCALE SEMICONDUCTOR, INC.",22512,FREESCALE SEMICONDUCTOR INC,FREESCALE
ATMEL CORPORATION,20376,ATMEL CORP,ATMEL
COMMSCOPE TECHNOLOGIES LLC,19703,COMMSCOPE TECHNOLOGIES LLC,COMMSCOPE
MICROSEMI CORPORATION,18804,MICROSEMI CORP,MICROSEMI
"SILICON STORAGE TECHNOLOGY, INC.",17861,SILICON STORAGE TECHNOLOGY INC,SILICON
"MICROSEMI STORAGE SOLUTIONS, INC.",17507,MICROSEMI STORAGE SOLUTIONS INC,MICROSEMI
"MOZY, INC.",17404,MOZY INC,MOZY
AVENTAIL LLC,16873,AVENTAIL LLC,AVENTAIL
SCALEIO LLC,16532,SCALEIO LLC,SCALEIO
SPANNING CLOUD APPS LLC,16532,SPANNING CLOUD APPS LLC,SPANNING
MAGINATICS LLC,16532,MAGINATICS LLC,MAGINATICS
DELL SYSTEMS CORPORATION,16532,DELL SYSTEMS CORP,DELL
"COMMSCOPE, INC. OF NORTH CAROLINA",16126,COMMSCOPE INC OF NORTH CAROLINA,COMMSCOPE
ARRIS ENTERPRISES LLC,15626,ARRIS ENTERPRISES LLC,ARRIS
"MICRON SEMICONDUCTOR PRODUCTS, INC.",15279,MICRON SEMICONDUCTOR PRODUCTS INC,MICRON
FPC INC.,14533,FPC INC,FPC
LASER-PACIFIC MEDIA CORPORATION,14526,LASER-PACIFIC MEDIA CORP,LASERPACIFIC
"KODAK AMERICAS, LTD.",14518,KODAK AMERICAS LTD,KODAK
QUALEX INC.,14492,QUALEX INC,QUALEX
"KODAK REALTY, INC.",14468,KODAK REALTY INC,KODAK
FAR EAST DEVELOPMENT LTD.,14456,FAR EAST DEVELOPMENT LTD,FAR
NPEC INC.,14358,NPEC INC,NPEC
"KODAK (NEAR EAST), INC.",14346,KODAK NEAR EAST INC,KODAK
"KODAK PHILIPPINES, LTD.",14334,KODAK PHILIPPINES LTD,KODAK
KODAK PORTUGUESA LIMITED,14188,KODAK PORTUGUESA LTD,KODAK
"ARRIS SOLUTIONS, INC.",14011,ARRIS SOLUTIONS INC,ARRIS
"KODAK IMAGING NETWORK, INC.",13951,KODAK IMAGING NETWORK INC,KODAK
KODAK AVIATION LEASING LLC,13584,KODAK AVIATION LEASING LLC,KODAK
CREO MANUFACTURING AMERICA LLC,13170,CREO MANUFACTURING AMERICA LLC,CREO
"RUCKUS WIRELESS, INC.",13155,RUCKUS WIRELESS INC,RUCKUS
MICROCHIP TECHNOLOGY INCORPORATED,12428,MICROCHIP TECHNOLOGY INC,MICROCHIP
AVAGO TECHNOLOGIES GENERAL IP (SINGAPORE) PTE. LTD.,11489,AVAGO TECHNOLOGIES GENERAL IP SINGAPORE PTE LTD,AVAGO
CREDANT TECHNOLOGIES INC.,11354,CREDANT TECHNOLOGIES INC,CREDANT
BROADCOM CORPORATION,10751,BROADCOM CORP,BROADCOM
AGERE SYSTEMS LLC,9700,AGERE SYSTEMS LLC,AGERE
LSI CORPORATION,9700,LSI CORP,LSI
"WESTERN DIGITAL TECHNOLOGIES, INC.",9575,WESTERN DIGITAL TECHNOLOGIES INC,WESTERN
GLOBALFOUNDRIES INC.,9508,GLOBALFOUNDRIES INC,GLOBALFOUNDRIES
AVAYA INC.,9491,AVAYA INC,AVAYA
"CITIBANK, N.A.",9433,CITIBANK NA,CITIBANK
"CITRIX SYSTEMS, INC.",9382,CITRIX SYSTEMS INC,CITRIX
"ARRIS TECHNOLOGY, INC.",8960,ARRIS TECHNOLOGY INC,ARRIS
"SECUREWORKS, INC.",8695,SECUREWORKS INC,SECUREWORKS
"APPASSURE SOFTWARE, INC.",8694,APPASSURE SOFTWARE INC,APPASSURE
"BOOMI, INC.",8694,BOOMI INC,BOOMI
"COMPELLENT TECHNOLOGIES, INC.",8694,COMPELLENT TECHNOLOGIES INC,COMPELLENT
DELL INC.,8694,DELL INC,DELL
"GALE TECHNOLOGIES, INC.",8694,GALE TECHNOLOGIES INC,GALE
PEROT SYSTEMS CORPORATION,8694,PEROT SYSTEMS CORP,PEROT
SPRINT COMMUNICATIONS COMPANY L.P.,7643,SPRINT COMMUNICATIONS CO LP,SPRINT
ROVI TECHNOLOGIES CORPORATION,7523,ROVI TECHNOLOGIES CORP,ROVI
"VEVEO, INC.",7518,VEVEO INC,VEVEO
ROVI SOLUTIONS CORPORATION,7504,ROVI SOLUTIONS CORP,ROVI
"ROVI GUIDES, INC.",7504,ROVI GUIDES INC,ROVI
UNISYS CORPORATION,7043,UNISYS CORP,UNISYS
SEAGATE TECHNOLOGY LLC,6790,SEAGATE TECHNOLOGY LLC,SEAGATE
"VPNET TECHNOLOGIES, INC.",6518,VPNET TECHNOLOGIES INC,VPNET
SPRINT SPECTRUM L.P.,6343,SPRINT SPECTRUM LP,SPRINT
SPANSION LLC,6023,SPANSION LLC,SPANSION
MICROCHIP TECHNOLOGY INC.,5802,MICROCHIP TECHNOLOGY INC,MICROCHIP
TIBCO SOFTWARE INC.,5743,TIBCO SOFTWARE INC,TIBCO
FEDERAL-MOGUL CHASSIS LLC,5451,FEDERAL-MOGUL CHASSIS LLC,FEDERALMOGUL
FEDERAL-MOGUL POWERTRAIN LLC,5451,FEDERAL-MOGUL POWERTRAIN LLC,FEDERALMOGUL
"SCIENTIFIC GAMES INTERNATIONAL, INC.",5431,SCIENTIFIC GAMES INTERNATIONAL INC,SCIENTIFIC
OCTEL COMMUNICATIONS LLC,5180,OCTEL COMMUNICATIONS LLC,OCTEL
WEATHERFORD U.K. LIMITED,5106,WEATHERFORD U K LTD,WEATHERFORD
WEATHERFORD CANADA LTD.,5097,WEATHERFORD CANADA LTD,WEATHERFORD
WEATHERFORD NETHERLANDS B.V.,5097,WEATHERFORD NETHERLANDS BV,WEATHERFORD
WEATHERFORD NORGE AS,5097,WEATHERFORD NORGE AS,WEATHERFORD
WEATHERFORD SWITZERLAND TRADING AND DEVELOPMENT GMBH,5097,WEATHERFORD SWITZERLAND TRADING & DEVELOPMENT GMBH,WEATHERFORD
FREESCALE ACQUISITION CORPORATION,4901,FREESCALE ACQUISITION CORP,FREESCALE
FREESCALE ACQUISITION HOLDINGS CORP.,4901,FREESCALE ACQUISITION HOLDINGS CORP,FREESCALE
"FREESCALE HOLDINGS (BERMUDA) III, LTD.",4901,FREESCALE HOLDINGS BERMUDA III LTD,FREESCALE
CLEARWIRE IP HOLDINGS LLC,4859,CLEARWIRE IP HOLDINGS LLC,CLEARWIRE
CLEARWIRE LEGACY LLC,4855,CLEARWIRE LEGACY LLC,CLEARWIRE
"VISTEON GLOBAL TECHNOLOGIES, INC.",4782,VISTEON GLOBAL TECHNOLOGIES INC,VISTEON
CYPRESS SEMICONDUCTOR CORPORATION,4707,CYPRESS SEMICONDUCTOR CORP,CYPRESS
IBIQUITY DIGITAL CORPORATION,4685,IBIQUITY DIGITAL CORP,IBIQUITY
CLEARWIRE COMMUNICATIONS LLC,4682,CLEARWIRE COMMUNICATIONS LLC,CLEARWIRE
"T-MOBILE USA, INC.",4650,T-MOBILE USA INC,TMOBILE
"ASSURANCE WIRELESS USA, L.P.",4649,ASSURANCE WIRELESS USA LP,ASSURANCE
"BOOST WORLDWIDE, LLC",4649,BOOST WORLDWIDE LLC,BOOST
ISBV LLC,4649,ISBV LLC,ISBV
"LAYER3 TV, INC.",4649,LAYER3 TV INC,LAYER3
"PUSHSPRING, INC.",4649,PUSHSPRING INC,PUSHSPRING
SPRINT INTERNATIONAL INCORPORATED,4649,SPRINT INTERNATIONAL INC,SPRINT
T-MOBILE CENTRAL LLC,4649,T-MOBILE CENTRAL LLC,TMOBILE
"DTS, INC.",4637,DTS INC,DTS
INVENSAS CORPORATION,4593,INVENSAS CORP,INVENSAS
"PHORUS, INC.",4593,PHORUS INC,PHORUS
"TESSERA ADVANCED TECHNOLOGIES, INC.",4593,TESSERA ADVANCED TECHNOLOGIES INC,TESSERA
"TESSERA, INC.",4593,TESSERA INC,TESSERA
"OGIO INTERNATIONAL, INC.",4545,OGIO INTERNATIONAL INC,OGIO
"INTELLISIST, INC.",4410,INTELLISIST INC,INTELLISIST
AVAYA MANAGEMENT L.P.,4391,AVAYA MANAGEMENT LP,AVAYA
TENNECO AUTOMOTIVE OPERATING COMPANY INC.,4381,TENNECO AUTOMOTIVE OPERATING CO INC,TENNECO
"BALLY GAMING, INC.",4175,BALLY GAMING INC,BALLY
"AVAYA, INC.",4103,AVAYA INC,AVAYA
PRECISION ENERGY SERVICES ULC,4045,PRECISION ENERGY SERVICES ULC,PRECISION
THE PULLMAN COMPANY,3994,PULLMAN CO,PULLMAN
DRIV AUTOMOTIVE INC.,3942,DRIV AUTOMOTIVE INC,DRIV
FEDERAL-MOGUL IGNITION LLC,3930,FEDERAL-MOGUL IGNITION LLC,FEDERALMOGUL
FEDERAL-MOGUL WORLD WIDE LLC,3930,FEDERAL-MOGUL WORLD WIDE LLC,FEDERALMOGUL
TENNECO INC.,3930,TENNECO INC,TENNECO
"WEATHERFORD TECHNOLOGY HOLDINGS, LLC",3771,WEATHERFORD TECHNOLOGY HOLDINGS LLC,WEATHERFORD
"MCAFEE, LLC",3764,MCAFEE LLC,MCAFEE
GM GLOBAL TECHNOLOGY OPERATIONS LLC,3738,GM GLOBAL TECHNOLOGY OPERATIONS LLC,GM
"PRECISION ENERGY SERVICES, INC.",3732,PRECISION ENERGY SERVICES INC,PRECISION
"HIGH PRESSURE INTEGRITY, INC.",3732,HIGH PRESSURE INTEGRITY INC,HIGH
FEDERAL-MOGUL MOTORPARTS LLC,3713,FEDERAL-MOGUL MOTORPARTS LLC,FEDERALMOGUL
TIVO SOLUTIONS INC.,3699,TIVO SOLUTIONS INC,TIVO
AVAYA INTEGRATED CABINET SOLUTIONS LLC,3698,AVAYA INTEGRATED CABINET SOLUTIONS LLC,AVAYA
NCR CORPORATION,3692,NCR CORP,NCR
"TIVO SOLUTIONS, INC.",3428,TIVO SOLUTIONS INC,TIVO
"INVENSAS BONDING TECHNOLOGIES, INC.",3408,INVENSAS BONDING TECHNOLOGIES INC,INVENSAS
"NCR INTERNATIONAL, INC.",3347,NCR INTERNATIONAL INC,NCR
QUANTUM CORPORATION,3341,QUANTUM CORP,QUANTUM
"TWITTER, INC.",3339,TWITTER INC,TWITTER
"BELL SEMICONDUCTOR, LLC",3299,BELL SEMICONDUCTOR LLC,BELL
"HILCO PATENT ACQUISITION 56, LLC",3299,HILCO PATENT ACQUISITION 56 LLC,HILCO
"BELL NORTHERN RESEARCH, LLC",3299,BELL NORTHERN RESEARCH LLC,BELL
LEAR CORPORATION,3295,LEAR CORP,LEAR
"WSOU INVESTMENTS, LLC",3282,WSOU INVESTMENTS LLC,WSOU
MAXTOR CORPORATION,3251,MAXTOR CORP,MAXTOR
CORTLAND CAPITAL MARKET SERVICES LLC,3192,CORTLAND CAPITAL MARKET SERVICES LLC,CORTLAND
SEAGATE TECHNOLOGY INTERNATIONAL,3182,SEAGATE TECHNOLOGY INTERNATIONAL,SEAGATE
NEWPORT CORPORATION,3113,NEWPORT CORP,NEWPORT
"ENTEGRIS, INC.",3055,ENTEGRIS INC,ENTEGRIS
"II-VI DELAWARE, INC.",3039,II-VI DELAWARE INC,IIVI
II-VI INCORPORATED,3039,II-VI INC,IIVI
"II-VI PHOTONICS (US), INC.",3039,II-VI PHOTONICS US INC,IIVI
"M CUBED TECHNOLOGIES, INC.",3039,M CUBED TECHNOLOGIES INC,M
"PHOTOP TECHNOLOGIES, INC.",3039,PHOTOP TECHNOLOGIES INC,PHOTOP
"SEMICONDUCTOR COMPONENTS INDUSTRIES, LLC",3037,SEMICONDUCTOR COMPONENTS INDUSTRIES LLC,SEMICONDUCTOR
CALLAWAY GOLF COMPANY,2991,CALLAWAY GOLF CO,CALLAWAY
"MKS INSTRUMENTS, INC.",2876,MKS INSTRUMENTS INC,MKS
ALCATEL-LUCENT USA INC.,2824,ALCATEL-LUCENT USA INC,ALCATELLUCENT
VERITAS US IP HOLDINGS LLC,2814,VERITAS US IP HOLDINGS LLC,VERITAS
"AMKOR TECHNOLOGY, INC.",2802,AMKOR TECHNOLOGY INC,AMKOR
LUCENT TECHNOLOGIES INC. (DE CORPORATION),2802,LUCENT TECHNOLOGIES INC DE CORP,LUCENT
"HOLOGIC, INC.",2671,HOLOGIC INC,HOLOGIC
CIENA CORPORATION,2669,CIENA CORP,CIENA
AVAYA TECHNOLOGY LLC,2622,AVAYA TECHNOLOGY LLC,AVAYA
"TRAVISMATHEW, LLC",2616,TRAVISMATHEW LLC,TRAVISMATHEW
"VIASAT, INC.",2597,VIASAT INC,VIASAT
"CHARTER COMMUNICATIONS OPERATING, LLC",2561,CHARTER COMMUNICATIONS OPERATING LLC,CHARTER
"ZANG, INC.",2558,ZANG INC,ZANG
FEDERAL CARTRIDGE COMPANY,2555,FEDERAL CARTRIDGE CO,FEDERAL
GEN-PROBE INCORPORATED,2468,GEN-PROBE INC,GENPROBE
"SYMBOL TECHNOLOGIES, INC.",2466,SYMBOL TECHNOLOGIES INC,SYMBOL
"ALLEN MEDICAL SYSTEMS, INC.",2463,ALLEN MEDICAL SYSTEMS INC,ALLEN
"HILL-ROM SERVICES, INC.",2463,HILL-ROM SERVICES INC,HILLROM
"WELCH ALLYN, INC.",2463,WELCH ALLYN INC,WELCH
"BRIGHT HOUSE NETWORKS, LLC",2416,BRIGHT HOUSE NETWORKS LLC,BRIGHT
"CARESTREAM HEALTH, INC.",2402,CARESTREAM HEALTH INC,CARESTREAM
CYTYC CORPORATION,2364,CYTYC CORP,CYTYC
INTERSIL CORPORATION,2355,INTERSIL CORP,INTERSIL
"WESTERN DIGITAL (FREMONT), LLC",2328,WESTERN DIGITAL FREMONT LLC,WESTERN
WMS GAMING INC.,2266,WMS GAMING INC,WMS
BRUNSWICK CORPORATION,2237,BRUNSWICK CORP,BRUNSWICK
"LASER BAND, LLC",2233,LASER BAND LLC,LASER
LUND BOAT COMPANY,2217,LUND BOAT CO,LUND
"BOSTON WHALER, INC.",2215,BOSTON WHALER INC,BOSTON
"BRUNSWICK LEISURE BOAT COMPANY, LLC",2215,BRUNSWICK LEISURE BOAT CO LLC,BRUNSWICK
TIME WARNER CABLE ENTERPRISES LLC,2186,TIME WARNER CABLE ENTERPRISES LLC,TIME
"POCO GRAPHITE, INC.",2153,POCO GRAPHITE INC,POCO
HERCULES INCORPORATED,2093,HERCULES INC,HERCULES
"DIEBOLD NIXDORF, INCORPORATED",2080,DIEBOLD NIXDORF INC,DIEBOLD
"EAGLE INDUSTRIES UNLIMITED, INC.",2078,EAGLE INDUSTRIES UNLTD INC,EAGLE
"SUROS SURGICAL SYSTEMS, INC.",2044,SUROS SURGICAL SYSTEMS INC,SUROS
"VISTEON GLOBAL TREASURY, INC.",2025,VISTEON GLOBAL TREASURY INC,VISTEON
"VISTEON SYSTEMS, LLC",2025,VISTEON SYSTEMS LLC,VISTEON
"VISTEON INTERNATIONAL HOLDINGS, INC.",2025,VISTEON INTERNATIONAL HOLDINGS INC,VISTEON
"VISTEON INTERNATIONAL BUSINESS DEVELOPMENT, INC.",2025,VISTEON INTERNATIONAL BUSINESS DEVELOPMENT INC,VISTEON
VISTEON ELECTRONICS CORPORATION,2025,VISTEON ELECTRONICS CORP,VISTEON
VISTEON CORPORATION,2025,VISTEON CORP,VISTEON
"VC AVIATION SERVICES, LLC",2025,VC AVIATION SERVICES LLC,VC
ATTWOOD CORPORATION,2023,ATTWOOD CORP,ATTWOOD
BRUNSWICK BOWLING & BILLIARDS CORPORATION,2023,BRUNSWICK BOWLING & BILLIARDS CORP,BRUNSWICK
BRUNSWICK FAMILY BOAT CO. INC.,2023,BRUNSWICK FAMILY BOAT CO INC,BRUNSWICK
"LAND 'N' SEA DISTRIBUTING, INC.",2023,LAND N SEA DISTRIBUTING INC,LAND
MOMENTIVE PERFORMANCE MATERIALS INC.,2018,MOMENTIVE PERFORMANCE MATERIALS INC,MOMENTIVE
"THIRD WAVE TECHNOLOGIES, INC.",2015,THIRD WAVE TECHNOLOGIES INC,THIRD
"BIOLUCENT, LLC",1988,BIOLUCENT LLC,BIOLUCENT
EXAR CORPORATION,1986,EXAR CORP,EXAR
ALLIANT TECHSYSTEMS INC.,1968,ALLIANT TECHSYSTEMS INC,ALLIANT
FEDERAL-MOGUL PRODUCTS US LLC,1963,FEDERAL-MOGUL PRODUCTS US LLC,FEDERALMOGUL
BAUSCH & LOMB INCORPORATED,1950,BAUSCH & LOMB INC,BAUSCH
"CALLAWAY GOLF BALL OPERATIONS, INC.",1946,CALLAWAY GOLF BALL OPERATIONS INC,CALLAWAY
"CALLAWAY GOLF INTERACTIVE, INC.",1946,CALLAWAY GOLF INTERACTIVE INC,CALLAWAY
CALLAWAY GOLF INTERNATIONAL SALES COMPANY,1946,CALLAWAY GOLF INTERNATIONAL SALES CO,CALLAWAY
CALLAWAY GOLF SALES COMPANY,1946,CALLAWAY GOLF SALES CO,CALLAWAY
SPANSION INC.,1915,SPANSION INC,SPANSION
SPANSION TECHNOLOGY INC.,1911,SPANSION TECHNOLOGY INC,SPANSION
SPANSION TECHNOLOGY LLC,1911,SPANSION TECHNOLOGY LLC,SPANSION
"COHERENT, INC.",1899,COHERENT INC,COHERENT
"CYTYC SURGICAL PRODUCTS, LIMITED PARTNERSHIP",1887,CYTYC SURGICAL PRODUCTS LTD PARTNERSHIP,CYTYC
TRW AUTOMOTIVE U.S. LLC,1885,TRW AUTOMOTIVE US LLC,TRW
"CLOUD SOFTWARE GROUP, INC. (F/K/A TIBCO SOFTWARE INC.)",1882,CLOUD SOFTWARE GROUP INC F K A TIBCO SOFTWARE INC,CLOUD
LATTICE SEMICONDUCTOR CORPORATION,1873,LATTICE SEMICONDUCTOR CORP,LATTICE
"FIBERWEB, LLC",1868,FIBERWEB LLC,FIBERWEB
"BERRY FILM PRODUCTS COMPANY, INC.",1868,BERRY FILM PRODUCTS CO INC,BERRY
AVINTIV SPECIALTY MATERIALS INC.,1868,AVINTIV SPECIALTY MATERIALS INC,AVINTIV
"MORGAN STANLEY SENIOR FUNDING, INC.",1855,MORGAN STANLEY SENIOR FUNDING INC,MORGAN
ACACIA RESEARCH GROUP LLC,1831,ACACIA RESEARCH GROUP LLC,ACACIA
NEXUS DISPLAY TECHNOLOGIES LLC,1831,NEXUS DISPLAY TECHNOLOGIES LLC,NEXUS
UNIFICATION TECHNOLOGIES LLC,1831,UNIFICATION TECHNOLOGIES LLC,UNIFICATION
TELECONFERENCE SYSTEMS LLC,1831,TELECONFERENCE SYSTEMS LLC,TELECONFERENCE
SUPER INTERCONNECT TECHNOLOGIES LLC,1831,SUPER INTERCONNECT TECHNOLOGIES LLC,SUPER
STINGRAY IP SOLUTIONS LLC,1831,STINGRAY IP SOLUTIONS LLC,STINGRAY
AMERICAN VEHICULAR SCIENCES LLC,1831,AMERICAN VEHICULAR SCIENCES LLC,AMERICAN
R2 SOLUTIONS LLC,1831,R2 SOLUTIONS LLC,R2
PARTHENON UNIFIED MEMORY ARCHITECTURE LLC,1831,PARTHENON UNIFIED MEMORY ARCHITECTURE LLC,PARTHENON
SAINT LAWRENCE COMMUNICATIONS LLC,1831,SAINT LAWRENCE COMMUNICATIONS LLC,SAINT
MONARCH NETWORKING SOLUTIONS LLC,1831,MONARCH NETWORKING SOLUTIONS LLC,MONARCH
MOBILE ENHANCEMENT SOLUTIONS LLC,1831,MOBILE ENHANCEMENT SOLUTIONS LLC,MOBILE
MERTON ACQUISITION HOLDCO LLC,1831,MERTONACQUISITION HOLDCO LLC,MERTONACQUISITION
LIMESTONE MEMORY SYSTEMS LLC,1831,LIMESTONE MEMORY SYSTEMS LLC,LIMESTONE
LIFEPORT SCIENCES LLC,1831,LIFEPORT SCIENCES LLC,LIFEPORT
INNOVATIVE DISPLAY TECHNOLOGIES LLC,1831,INNOVATIVE DISPLAY TECHNOLOGIES LLC,INNOVATIVE
CELLULAR COMMUNICATIONS EQUIPMENT LLC,1831,CELLULAR COMMUNICATIONS EQUIPMENT LLC,CELLULAR
BONUTTI SKELETAL INNOVATIONS LLC,1831,BONUTTI SKELETAL INNOVATIONS LLC,BONUTTI
"BERRY GLOBAL FILMS, LLC",1826,BERRY GLOBAL FILMS LLC,BERRY
"PLIANT, LLC",1817,PLIANT LLC,PLIANT
"LYONDELL CHEMICAL TECHNOLOGY, L.P.",1810,LYONDELL CHEMICAL TECHNOLOGY LP,LYONDELL
SABIC INNOVATIVE PLASTICS IP B.V.,1807,SABIC INNOVATIVE PLASTICS IP BV,SABIC
"MAXLINEAR, INC.",1802,MAXLINEAR INC,MAXLINEAR
"GRAPHIC PACKAGING INTERNATIONAL, LLC",1797,GRAPHIC PACKAGING INTERNATIONAL LLC,GRAPHIC
SYNAPTICS INCORPORATED,1761,SYNAPTICS INC,SYNAPTICS
ZIH CORP.,1759,ZIH CORP,ZIH
POLAROID CORPORATION,1756,POLAROID CORP,POLAROID
FAIRCHILD SEMICONDUCTOR CORPORATION,1735,FAIRCHILD SEMICONDUCTOR CORP,FAIRCHILD
"ELECTRO SCIENTIFIC INDUSTRIES, INC.",1720,ELECTRO SCIENTIFIC INDUSTRIES INC,ELECTRO
ZEBRA ENTERPRISE SOLUTIONS CORP.,1690,ZEBRA ENTERPRISE SOLUTIONS CORP,ZEBRA
BPREX HEALTHCARE PACKAGING INC.,1686,BPREX HEALTHCARE PACKAGING INC,BPREX
"DANA AUTOMOTIVE SYSTEMS GROUP, LLC",1685,DANA AUTOMOTIVE SYSTEMS GROUP LLC,DANA
"DANA HEAVY VEHICLE SYSTEMS GROUP, LLC",1685,DANA HEAVY VEHICLE SYSTEMS GROUP LLC,DANA
DANA LIMITED,1685,DANA LTD,DANA
NATIONAL INSTRUMENTS CORPORATION,1682,NATIONAL INSTRUMENTS CORP,INSTRUMENTS
"GOODYEAR TIRE & RUBBER COMPANY, THE",1656,GOODYEAR TIRE & RUBBER CO,GOODYEAR
"ALLEN TELECOM LLC, A DELAWARE LLC",1647,ALLEN TELECOM LLC A DELAWARE LLC,ALLEN
"ANDREW LLC, A DELAWARE LLC",1647,ANDREW LLC A DELAWARE LLC,ANDREW
AQUALON COMPANY,1633,AQUALON CO,AQUALON
"POLYCOM, INC.",1620,POLYCOM INC,POLYCOM
"WORLD GOLF TOUR, LLC",1612,WORLD GOLF TOUR LLC,WORLD
"TOPGOLF INTERNATIONAL, INC.",1612,TOPGOLF INTERNATIONAL INC,TOPGOLF
"CURRENT LIGHTING SOLUTIONS, LLC",1606,CURRENT LIGHTING SOLUTIONS LLC,CURRENT
"ASPEN SURGICAL PRODUCTS, INC.",1598,ASPEN SURGICAL PRODUCTS INC,ASPEN
"GRAPHIC PACKAGING INTERNATIONAL, INC.",1595,GRAPHIC PACKAGING INTERNATIONAL INC,GRAPHIC
SG GAMING INC.,1559,SG GAMING INC,SG
"BRUNSWICK COMMERCIAL & GOVERNMENT PRODUCTS, INC.",1545,BRUNSWICK COMMERCIAL & GOVERNMENT PRODUCTS INC,BRUNSWICK
"DIRECTV, LLC",1538,DIRECTV LLC,DIRECTV
FEDERAL-MOGUL IGNITION COMPANY,1521,FEDERAL-MOGUL IGNITION CO,FEDERALMOGUL
FEDERAL-MOGUL LLC,1521,FEDERAL-MOGUL LLC,FEDERALMOGUL
"FEDERAL-MOGUL PRODUCTS, INC.",1521,FEDERAL-MOGUL PRODUCTS INC,FEDERALMOGUL
"CONEXANT SYSTEMS, INC.",1519,CONEXANT SYSTEMS INC,CONEXANT
"MEMC ELECTRONIC MATERIALS, INC.",1519,MEMC ELECTRONIC MATERIALS INC,MEMC
"KAILIGHT PHOTONICS, INC.",1501,KAILIGHT PHOTONICS INC,KAILIGHT
OPTIUM CORPORATION,1501,OPTIUM CORP,OPTIUM
FINISAR CORPORATION,1501,FINISAR CORP,FINISAR
TIME WARNER CABLE INTERNET LLC,1495,TIME WARNER CABLE INTERNET LLC,TIME
"AVAYA INC., A DELAWARE CORPORATION",1477,AVAYA INC A DELAWARE CORP,AVAYA
ACUSHNET COMPANY,1470,ACUSHNET CO,ACUSHNET
"COADNA PHOTONICS, INC.",1464,COADNA PHOTONICS INC,COADNA
"EPIWORKS, INC.",1464,EPIWORKS INC,EPIWORKS
"II-VI OPTICAL SYSTEMS, INC.",1464,II-VI OPTICAL SYSTEMS INC,IIVI
"II-VI OPTOELECTRONIC DEVICES, INC.",1464,II-VI OPTOELECTRONIC DEVICES INC,IIVI
"LIGHTSMYTH TECHNOLOGIES, INC.",1464,LIGHTSMYTH TECHNOLOGIES INC,LIGHTSMYTH
"MARLOW INDUSTRIES, INC.",1464,MARLOW INDUSTRIES INC,MARLOW
CHRYSLER LLC,1450,CHRYSLER LLC,CHRYSLER
AVAYA TECHNOLOGY CORP.,1426,AVAYA TECHNOLOGY CORP,AVAYA
"COMMVAULT SYSTEMS, INC.",1416,COMMVAULT SYSTEMS INC,COMMVAULT
DISH BROADCASTING CORPORATION,1406,DISH BROADCASTING CORP,DISH
DISH NETWORK L.L.C.,1406,DISH NETWORK LLC,DISH
DISH TECHNOLOGIES L.L.C.,1406,DISH TECHNOLOGIES LLC,DISH
COPELAND LP,1404,COPELAND LP,COPELAND
"BERRY GLOBAL, INC.",1394,BERRY GLOBAL INC,BERRY
SOLUTIA INC.,1392,SOLUTIA INC,SOLUTIA
"LEXMARK INTERNATIONAL, INC.",1379,LEXMARK INTERNATIONAL INC,LEXMARK
DEUTSCHE BANK TRUST COMPANY AMERICAS,1376,DEUTSCHE BANK TRUST CO AMERICAS,DEUTSCHE
"ELECTRICAL RELIABILITY SERVICES, INC.",1375,ELECTRICAL RELIABILITY SERVICES INC,ELECTRICAL
HIGH PRESSURE INTEGRITY INC.,1365,HIGH PRESSURE INTEGRITY INC,HIGH
PRECISION ENERGY SERVICES INC.,1365,PRECISION ENERGY SERVICES INC,PRECISION
WEATHERFORD TECHNOLOGY HOLDINGS LLC,1365,WEATHERFORD TECHNOLOGY HOLDINGS LLC,WEATHERFORD
ENTIT SOFTWARE LLC,1358,ENTIT SOFTWARE LLC,ENTIT
"ARCSIGHT, LLC",1358,ARCSIGHT LLC,ARCSIGHT
"TRITON BOAT COMPANY, L.P.",1353,TRITON BOAT CO LP,TRITON
CHRYSLER GROUP LLC,1349,CHRYSLER GROUP LLC,CHRYSLER
"DIEBOLD NIXDORF, INCORPORATED (F/K/A DIEBOLD, INCORPORATED)",1344,DIEBOLD NIXDORF INC F K A DIEBOLD INC,DIEBOLD
"PROVIDENCIA USA, INC.",1340,PROVIDENCIA USA INC,PROVIDENCIA
AVAYA INTEGRATED CABINET SOLUTIONS INC.,1338,AVAYA INTEGRATED CABINET SOLUTIONS INC,AVAYA
OCTEL COMMUNICATIONS CORPORATION,1338,OCTEL COMMUNICATIONS CORP,OCTEL
"SAVAGE ARMS, INC.",1327,SAVAGE ARMS INC,SAVAGE
"SAVAGE RANGE SYSTEMS, INC.",1327,SAVAGE RANGE SYSTEMS INC,SAVAGE
GREATBATCH LTD.,1310,GREATBATCH LTD,GREATBATCH
"BIO-LAB, INC.",1309,BIO-LAB INC,BIOLAB
"ATMI PACKAGING, INC.",1302,ATMI PACKAGING INC,ATMI
"ATMI, INC.",1302,ATMI INC,ATMI
"ADVANCED TECHNOLOGY MATERIALS, INC.",1302,ADVANCED TECHNOLOGY MATERIALS INC,ADVANCED
VERITAS TECHNOLOGIES LLC,1297,VERITAS TECHNOLOGIES LLC,VERITAS
"SOLENIS TECHNOLOGIES, L.P.",1296,SOLENIS TECHNOLOGIES LP,SOLENIS
"BALLY GAMING, INC",1282,BALLY GAMING INC,BALLY
"DIEBOLD NIXDORF, INCORPORATED, AS GRANTOR",1280,DIEBOLD NIXDORF INC AS GRANTOR,DIEBOLD
DIEBOLD SELF-SERVICE SYSTEMS,1280,DIEBOLD SELF-SERVICE SYSTEMS,DIEBOLD
"DIEBOLD SELF-SERVICE SYSTEMS, AS GRANTOR",1280,DIEBOLD SELF-SERVICE SYSTEMS AS GRANTOR,DIEBOLD
"HOMECARE LABS, INC.",1280,HOMECARE LABS INC,HOMECARE
"SILICON GRAPHICS, INC.",1279,SILICON GRAPHICS INC,SILICON
"DANA SEALING PRODUCTS, LLC",1276,DANA SEALING PRODUCTS LLC,DANA
"DANA STRUCTURAL MANUFACTURING, LLC",1276,DANA STRUCTURAL MANUFACTURING LLC,DANA
"DANA STRUCTURAL PRODUCTS, LLC",1276,DANA STRUCTURAL PRODUCTS LLC,DANA
"DANA THERMAL PRODUCTS, LLC",1276,DANA THERMAL PRODUCTS LLC,DANA
"DANA OFF HIGHWAY PRODUCTS, LLC",1276,DANA OFF HIGHWAY PRODUCTS LLC,DANA
DANA WORLD TRADE CORPORATION,1276,DANA WORLD TRADE CORP,DANA
DTF TRUCKING INC.,1276,DTF TRUCKING INC,DTF
"SPICER HEAVY AXLE & BRAKE, INC.",1276,SPICER HEAVY AXLE & BRAKE INC,SPICER
"DANA SEALING MANUFACTURING, LLC",1276,DANA SEALING MANUFACTURING LLC,DANA
"DANA DRIVESHAFT MANUFACTURING, LLC",1276,DANA DRIVESHAFT MANUFACTURING LLC,DANA
"DANA LIGHT AXLE PRODUCTS, LLC",1276,DANA LIGHT AXLE PRODUCTS LLC,DANA
"DANA COMMERCIAL VEHICLE PRODUCTS, LLC",1276,DANA COMMERCIAL VEHICLE PRODUCTS LLC,DANA
"DANA AUTOMOTIVE AFTERMARKET, INC.",1276,DANA AUTOMOTIVE AFTERMARKET INC,DANA
"DANA COMMERCIAL VEHICLE MANUFACTURING, LLC",1276,DANA COMMERCIAL VEHICLE MANUFACTURING LLC,DANA
"DANA LIGHT AXLE MANUFACTURING, LLC",1276,DANA LIGHT AXLE MANUFACTURING LLC,DANA
"DANA DRIVESHAFT PRODUCTS, LLC",1276,DANA DRIVESHAFT PRODUCTS LLC,DANA
DANA HOLDING CORPORATION,1276,DANA HOLDING CORP,DANA
"DANA GLOBAL PRODUCTS, INC.",1276,DANA GLOBAL PRODUCTS INC,DANA
"CONDUENT BUSINESS SERVICES, LLC",1263,CONDUENT BUSINESS SERVICES LLC,CONDUENT
HEWLETT PACKARD ENTERPRISE COMPANY,1263,HEWLETT PACKARD ENTERPRISE CO,HEWLETT
HEWLETT PACKARD ENTERPRISE DEVELOPMENT LP,1263,HEWLETT PACKARD ENTERPRISE DEVELOPMENT LP,HEWLETT
"TERADYNE, INC.",1262,TERADYNE INC,TERADYNE
"GOPRO, INC.",1256,GOPRO INC,GOPRO
SAVAGE SPORTS CORPORATION,1251,SAVAGE SPORTS CORP,SAVAGE
"JPMORGAN CHASE BANK, N.A., AS ADMINISTRATIVE AGENT",1233,JPMORGAN CHASE BANK NA,JPMORGAN
CHEMTURA CORPORATION,1227,CHEMTURA CORP,CHEMTURA
GREAT LAKES CHEMICAL CORPORATION,1227,GREAT LAKES CHEMICAL CORP,GREAT
"FIELD CONTAINER QUERETARO (USA), L.L.C.",1224,FIELD CONTAINER QUERETARO USA LLC,FIELD
"NUVASIVE, INC.",1209,NUVASIVE INC,NUVASIVE
"RIVERBED TECHNOLOGY, INC.",1207,RIVERBED TECHNOLOGY INC,RIVERBED
KELSEY-HAYES COMPANY,1187,KELSEY-HAYES CO,KELSEYHAYES
"DTS, LLC",1185,DTS LLC,DTS
"ZIPTRONIX, INC.",1185,ZIPTRONIX INC,ZIPTRONIX
DIGITALOPTICS CORPORATION MEMS,1185,DIGITALOPTICS CORP MEMS,DIGITALOPTICS
DIGITALOPTICS CORPORATION,1185,DIGITALOPTICS CORP,DIGITALOPTICS
"QED TECHNOLOGIES INTERNATIONAL, INC.",1176,QED TECHNOLOGIES INTERNATIONAL INC,QED
BUSHNELL INC.,1175,BUSHNELL INC,BUSHNELL
"BUSHNELL HOLDINGS, INC.",1170,BUSHNELL HOLDINGS INC,BUSHNELL
"NIGHT OPTICS USA, INC.",1169,NIGHT OPTICS USA INC,NIGHT
"PROVENANCE ASSET GROUP HOLDINGS, LLC",1168,PROVENANCE ASSET GROUP HOLDINGS LLC,PROVENANCE
VISTA OUTDOOR OPERATIONS LLC,1164,VISTA OUTDOOR OPERATIONS LLC,VISTA
"DW HOLDINGS, INC.",1156,DW HOLDINGS INC,DW
"LINKPOINT INTERNATIONAL, INC.",1156,LINKPOINT INTERNATIONAL INC,LINKPOINT
"SIZE TECHNOLOGIES, INC.",1156,SIZE TECHNOLOGIES INC,SIZE
"TASQ TECHNOLOGY, INC.",1156,TASQ TECHNOLOGY INC,TASQ
"SPIRIT AEROSYSTEMS, INC.",1154,SPIRIT AEROSYSTEMS INC,SPIRIT
SCIENCE INCORPORATED,1152,SCIENCE INC,SCIENCE
"VIVINT, INC.",1146,VIVINT INC,VIVINT
"FEDERAL-MOGUL WORLD WIDE, INC.",1143,FEDERAL-MOGUL WORLD WIDE INC,FEDERALMOGUL
"GEN-PROBE PRODESSE, INC.",1136,GEN-PROBE PRODESSE INC,GENPROBE
"EQUISTAR CHEMICALS, LP",1133,EQUISTAR CHEMICALS LP,EQUISTAR
MICHAELS OF OREGON CO.,1124,MICHAELS OF OREGON CO,MICHAELS
"GOLD TIP, LLC",1122,GOLD TIP LLC,GOLD
MILLETT INDUSTRIES,1122,MILLETT INDUSTRIES,MILLETT
VISTA OUTDOOR INC.,1117,VISTA OUTDOOR INC,VISTA
INVACARE CORPORATION,1116,INVACARE CORP,INVACARE
"GT SEED TREATMENT, INC.",1111,GT SEED TREATMENT INC,GT
WEBER CITY ROAD LLC,1111,WEBER CITY ROAD LLC,WEBER
"RECREATIONAL WATER PRODUCTS, INC.",1111,RECREATIONAL WATER PRODUCTS INC,RECREATIONAL
"LAUREL INDUSTRIES HOLDINGS, INC.",1111,LAUREL INDUSTRIES HOLDINGS INC,LAUREL
"GREAT LAKES CHEMICAL GLOBAL, INC.",1111,GREAT LAKES CHEMICAL GLOBAL INC,GREAT
"BIOLAB FRANCHISE COMPANY, LLC",1111,BIOLAB FRANCHISE CO LLC,BIOLAB
CROMPTON HOLDING CORPORATION,1111,CROMPTON HOLDING CORP,CROMPTON
"PRIME LABEL & SCREEN, INC.",1108,PRIME LABEL & SCREEN INC,PRIME
ADEMCO INC.,1103,ADEMCO INC,ADEMCO
ARMTEC DEFENSE PRODUCTS CO.,1102,ARMTEC DEFENSE PRODUCTS CO,ARMTEC
OWENS-CORNING FIBERGLAS CORPORATION,1096,OWENS-CORNING FIBERGLAS CORP,OWENSCORNING
AVAYA CABINET SOLUTIONS LLC,1095,AVAYA CABINET SOLUTIONS LLC,AVAYA
GENERAL MOTORS CORPORATION,1092,GENERAL MOTORS CORP,GENERAL
"ELECTROCHEM SOLUTIONS, INC.",1090,ELECTROCHEM SOLUTIONS INC,ELECTROCHEM
"SCIENTIFIC GAMES INTERNATIONAL, INC",1087,SCIENTIFIC GAMES INTERNATIONAL INC,SCIENTIFIC
"CAMELBAK PRODUCTS, LLC",1082,CAMELBAK PRODUCTS LLC,CAMELBAK
LITECONTROL CORPORATION,1070,LITECONTROL CORP,LITECONTROL
KNOAHSOFT INC.,1070,KNOAHSOFT INC,KNOAHSOFT
"FORUM, INC.",1070,FORUM INC,FORUM
"HUBBELL LIGHTING, INC.",1070,HUBBELL LIGHTING INC,HUBBELL
DIRECT RADIOGRAPHY CORP.,1067,DIRECT RADIOGRAPHY CORP,DIRECT
MEDICIS PHARMACEUTICAL CORPORATION,1067,MEDICIS PHARMACEUTICAL CORP,MEDICIS
LEACH INTERNATIONAL CORPORATION,1060,LEACH INTERNATIONAL CORP,LEACH
RPX CORPORATION,1058,RPX CORP,RPX
"STARSIGHT TELECAST, INC.",1050,STARSIGHT TELECAST INC,STARSIGHT
"UNITED VIDEO PROPERTIES, INC.",1050,UNITED VIDEO PROPERTIES INC,UNITED
KORRY ELECTRONICS CO.,1046,KORRY ELECTRONICS CO,KORRY
ZEBRA TECHNOLOGIES CORPORATION,1046,ZEBRA TECHNOLOGIES CORP,ZEBRA
"BELL SPORTS, INC.",1041,BELL SPORTS INC,BELL
GEMSTAR DEVELOPMENT CORPORATION,1039,GEMSTAR DEVELOPMENT CORP,GEMSTAR
"APTIV DIGITAL, INC.",1039,APTIV DIGITAL INC,APTIV
TEXSCAN CORPORATION,1037,TEXSCAN CORP,TEXSCAN
"ARRIS ENTERPRISES, INC.",1032,ARRIS ENTERPRISES INC,ARRIS
"ARRIS GROUP, INC.",1032,ARRIS GROUP INC,ARRIS
GIC INTERNATIONAL CAPITAL LLC,1032,GIC INTERNATIONAL CAPITAL LLC,GIC
GIC INTERNATIONAL HOLDCO LLC,1032,GIC INTERNATIONAL HOLDCO LLC,GIC
"JERROLD DC RADIO, INC.",1032,JERROLD DC RADIO INC,JERROLD
"NEXTLEVEL SYSTEMS (PUERTO RICO), INC.",1032,NEXTLEVEL SYSTEMS PUERTO RICO INC,NEXTLEVEL
"POWER GUARD, INC.",1032,POWER GUARD INC,POWER
"SILICON IMAGE, INC.",1025,SILICON IMAGE INC,SILICON
TRW VEHICLE SAFETY SYSTEMS INC.,1024,TRW VEHICLE SAFETY SYSTEMS INC,TRW
ASHLAND LICENSING AND INTELLECTUAL PROPERTY LLC,1021,ASHLAND LICENSING & INTELLECTUAL PROPERTY LLC,ASHLAND
"MARATHONNORCO AEROSPACE, INC.",1020,MARATHONNORCO AEROSPACE INC,MARATHONNORCO
"PALOMAR PRODUCTS, INC.",1016,PALOMAR PRODUCTS INC,PALOMAR
"VISTEON EUROPEAN HOLDINGS, INC.",1013,VISTEON EUROPEAN HOLDINGS INC,VISTEON
"LIFESCAN IP HOLDINGS, LLC",1012,LIFESCAN IP HOLDINGS LLC,LIFESCAN
"VISTEON EUROPEAN HOLDING, INC.",1012,VISTEON EUROPEAN HOLDING INC,VISTEON
"DVDO, INC.",1011,DVDO INC,DVDO
HARTWELL CORPORATION,1008,HARTWELL CORP,HARTWELL
"SOLTA MEDICAL, INC.",1008,SOLTA MEDICAL INC,SOLTA
"NMC GROUP, INC.",1004,NMC GROUP INC,NMC
AOL ADVERTISING INC.,1001,AOL ADVERTISING INC,AOL
AOL INC.,1001,AOL INC,AOL
"MAPQUEST, INC.",1001,MAPQUEST INC,MAPQUEST
"SONOS, INC.",1000,SONOS INC,SONOS
